{"v":"5.12.1","fr":29.9700012207031,"ip":0,"op":137.000005580124,"w":2000,"h":2000,"nm":"calc coin","ddd":0,"assets":[],"fonts":{"list":[{"fName":"BebasNeue-Bold","fFamily":"Bebas Neue","fStyle":"Bold","ascent":74.0485718473792}]},"layers":[{"ddd":0,"ind":1,"ty":4,"nm":"Layer 2 Outlines","sr":1,"ks":{"o":{"a":1,"k":[{"i":{"x":[0.833],"y":[0.833]},"o":{"x":[0.167],"y":[0.167]},"t":117,"s":[100]},{"t":127.000005172816,"s":[0]}],"ix":11},"r":{"a":1,"k":[{"i":{"x":[0.833],"y":[0.833]},"o":{"x":[0.167],"y":[0.167]},"t":0,"s":[-430]},{"i":{"x":[0.833],"y":[0.833]},"o":{"x":[0.167],"y":[0.167]},"t":48,"s":[0]},{"i":{"x":[0.833],"y":[0.833]},"o":{"x":[0.167],"y":[0.167]},"t":78,"s":[0]},{"t":138.000005620855,"s":[540]}],"ix":10},"p":{"s":true,"x":{"a":1,"k":[{"i":{"x":[0.667],"y":[1]},"o":{"x":[0.784],"y":[0]},"t":0,"s":[-253.015]},{"i":{"x":[0.667],"y":[1]},"o":{"x":[0.333],"y":[0]},"t":48,"s":[894.985]},{"i":{"x":[0.667],"y":[1]},"o":{"x":[0.648],"y":[0]},"t":78,"s":[894.985]},{"t":138.000005620855,"s":[2310.985]}],"ix":3},"y":{"a":1,"k":[{"i":{"x":[0.667],"y":[1]},"o":{"x":[0.333],"y":[0]},"t":0,"s":[1423.451]},{"i":{"x":[0.667],"y":[1]},"o":{"x":[0.333],"y":[0]},"t":48,"s":[1423.451]},{"i":{"x":[0.667],"y":[1]},"o":{"x":[0.333],"y":[0]},"t":78,"s":[1423.451]},{"t":138.000005620855,"s":[1423.451]}],"ix":4}},"a":{"a":0,"k":[242.87,242.869,0],"ix":1,"l":2},"s":{"a":0,"k":[100,100,100],"ix":6,"l":2}},"ao":0,"shapes":[{"ty":"gr","it":[{"ind":0,"ty":"sh","ix":1,"ks":{"a":0,"k":{"i":[[0,0],[0,0],[12.955,7.497],[0,0],[-22.158,0],[0,13.639],[25.229,8.521],[0,33.067],[-36.478,7.156],[0,0],[0,0],[0,0],[-11.249,-5.45],[0,0],[24.537,0],[0,-9.544],[-28.981,-10.908],[0,-30.679],[39.198,-6.815],[0,0]],"o":[[0,0],[-22.841,-1.024],[0,0],[14.321,7.848],[19.428,0],[0,-12.955],[-36.469,-12.272],[0,-29.995],[0,0],[0,0],[0,0],[22.841,1.023],[0,0],[-8.861,-3.744],[-22.157,0],[0,11.25],[40.563,14.32],[0,30.337],[0,0],[0,0]],"v":[[-18.063,139.08],[-18.063,106.696],[-76.017,92.043],[-65.791,52.153],[-9.202,67.156],[23.522,46.021],[-12.614,16.367],[-73.97,-46.023],[-16.357,-106.696],[-16.357,-139.08],[17.049,-139.08],[17.049,-109.084],[66.474,-97.834],[56.589,-59.319],[7.506,-70.9],[-21.817,-51.813],[19.096,-22.499],[76.017,41.245],[15.344,104.308],[15.344,139.08]],"c":true},"ix":2},"nm":"Path 1","mn":"ADBE Vector Shape - Group","hd":false},{"ty":"fl","c":{"a":0,"k":[0.256936256558,0.248459595325,0.250205215753,1],"ix":4},"o":{"a":0,"k":100,"ix":5},"r":1,"bm":0,"nm":"Fill 1","mn":"ADBE Vector Graphic - Fill","hd":false},{"ty":"tr","p":{"a":0,"k":[245.154,236.88],"ix":2},"a":{"a":0,"k":[0,0],"ix":1},"s":{"a":0,"k":[100,100],"ix":3},"r":{"a":0,"k":0,"ix":6},"o":{"a":0,"k":100,"ix":7},"sk":{"a":0,"k":0,"ix":4},"sa":{"a":0,"k":0,"ix":5},"nm":"Transform"}],"nm":"Group 1","np":2,"cix":2,"bm":0,"ix":1,"mn":"ADBE Vector Group","hd":false},{"ty":"gr","it":[{"ind":0,"ty":"sh","ix":1,"ks":{"a":0,"k":{"i":[[112.373,0],[0,-112.373],[-112.373,0],[0,112.372]],"o":[[-112.373,0],[0,112.372],[112.373,0],[0,-112.373]],"v":[[0,-203.801],[-203.8,0],[0,203.8],[203.801,0]],"c":true},"ix":2},"nm":"Path 1","mn":"ADBE Vector Shape - Group","hd":false},{"ind":1,"ty":"sh","ix":2,"ks":{"a":0,"k":{"i":[[133.782,0],[0,133.781],[-133.782,0],[0,-133.782]],"o":[[-133.782,0],[0,-133.782],[133.782,0],[0,133.781]],"v":[[0,242.62],[-242.62,0.001],[0,-242.619],[242.62,0.001]],"c":true},"ix":2},"nm":"Path 2","mn":"ADBE Vector Shape - Group","hd":false},{"ty":"mm","mm":1,"nm":"Merge Paths 1","mn":"ADBE Vector Filter - Merge","hd":false},{"ty":"fl","c":{"a":0,"k":[0.256936256558,0.248459595325,0.250205215753,1],"ix":4},"o":{"a":0,"k":100,"ix":5},"r":1,"bm":0,"nm":"Fill 1","mn":"ADBE Vector Graphic - Fill","hd":false},{"ty":"tr","p":{"a":0,"k":[242.87,242.87],"ix":2},"a":{"a":0,"k":[0,0],"ix":1},"s":{"a":0,"k":[100,100],"ix":3},"r":{"a":0,"k":0,"ix":6},"o":{"a":0,"k":100,"ix":7},"sk":{"a":0,"k":0,"ix":4},"sa":{"a":0,"k":0,"ix":5},"nm":"Transform"}],"nm":"Group 2","np":4,"cix":2,"bm":0,"ix":2,"mn":"ADBE Vector Group","hd":false},{"ty":"gr","it":[{"ind":0,"ty":"sh","ix":1,"ks":{"a":0,"k":{"i":[[0,-128.052],[128.05,0],[0,128.051],[-128.052,0]],"o":[[0,128.051],[-128.052,0],[0,-128.052],[128.05,0]],"v":[[231.858,0.001],[0,231.857],[-231.857,0.001],[0,-231.857]],"c":true},"ix":2},"nm":"Path 1","mn":"ADBE Vector Shape - Group","hd":false},{"ty":"fl","c":{"a":0,"k":[0.997296202417,0.874906472599,0.221530465519,1],"ix":4},"o":{"a":0,"k":100,"ix":5},"r":1,"bm":0,"nm":"Fill 1","mn":"ADBE Vector Graphic - Fill","hd":false},{"ty":"tr","p":{"a":0,"k":[242.87,242.869],"ix":2},"a":{"a":0,"k":[0,0],"ix":1},"s":{"a":0,"k":[100,100],"ix":3},"r":{"a":0,"k":0,"ix":6},"o":{"a":0,"k":100,"ix":7},"sk":{"a":0,"k":0,"ix":4},"sa":{"a":0,"k":0,"ix":5},"nm":"Transform"}],"nm":"Group 3","np":2,"cix":2,"bm":0,"ix":3,"mn":"ADBE Vector Group","hd":false}],"ip":0,"op":600.000024438501,"st":0,"ct":1,"bm":0},{"ddd":0,"ind":2,"ty":4,"nm":"Layer 3 Outlines","sr":1,"ks":{"o":{"a":1,"k":[{"i":{"x":[0.833],"y":[0.833]},"o":{"x":[0.167],"y":[0.167]},"t":117,"s":[100]},{"t":127.000005172816,"s":[0]}],"ix":11},"r":{"a":0,"k":0,"ix":10},"p":{"s":true,"x":{"a":1,"k":[{"i":{"x":[0.833],"y":[0.833]},"o":{"x":[0.167],"y":[0.167]},"t":57,"s":[1336.914]},{"i":{"x":[0.833],"y":[0.833]},"o":{"x":[0.167],"y":[0.167]},"t":86,"s":[1336.914]},{"i":{"x":[0.833],"y":[0.833]},"o":{"x":[0.167],"y":[0.167]},"t":103,"s":[1336.914]},{"t":122.000004969162,"s":[1336.914]}],"ix":3},"y":{"a":1,"k":[{"i":{"x":[0.667],"y":[1]},"o":{"x":[0.696],"y":[0]},"t":57,"s":[-235.26]},{"i":{"x":[0.667],"y":[1]},"o":{"x":[0.333],"y":[0]},"t":86,"s":[1124.74]},{"i":{"x":[0.612],"y":[1]},"o":{"x":[1],"y":[0]},"t":103,"s":[1124.74]},{"t":122.000004969162,"s":[-235.26]}],"ix":4}},"a":{"a":0,"k":[297.862,158.713,0],"ix":1,"l":2},"s":{"a":0,"k":[100,100,100],"ix":6,"l":2}},"ao":0,"shapes":[{"ty":"gr","it":[{"ind":0,"ty":"sh","ix":1,"ks":{"a":0,"k":{"i":[[0,0],[159.93,0],[11.506,11.958],[0,0],[-0.403,-0.15],[-4.649,-1.387],[-0.76,-0.219],[-4.499,-1.091],[-1.124,-0.261],[-5.415,-1.053],[-1.067,-0.2],[-4.913,-0.793],[-1.231,-0.191],[-5.805,-0.766],[-1.261,-0.16],[-5.105,-0.563],[-1.163,-0.125],[-5.839,-0.526],[-1.392,-0.121],[-4.935,-0.37],[-1.066,-0.076],[-5.486,-0.331],[-1.393,-0.081],[-4.528,-0.22],[-0.829,-0.04],[-4.797,-0.181],[-1.22,-0.044],[-3.776,-0.108],[-0.639,-0.018],[-3.721,-0.077],[-0.888,-0.015],[-2.887,-0.036],[-0.107,-0.001],[-2.338,-0.015],[-0.488,-0.003],[-1.262,0],[-2.037,0.011],[-0.532,0.004],[-3.109,0.039],[-0.106,0.001],[-3.471,0.066],[-0.92,0.019],[-4.253,0.118],[-0.65,0.019],[-4.121,0.149],[-1.248,0.048],[-5.157,0.243],[-0.836,0.04],[-4.749,0.274],[-1.394,0.084],[-5.691,0.411],[-1.054,0.079],[-5.041,0.437],[-1.38,0.125],[-5.878,0.626],[-1.153,0.128],[-5.081,0.648],[-1.243,0.164],[-5.682,0.886],[-1.205,0.195],[-4.766,0.896],[-1.046,0.203],[-5.121,1.194],[-1.098,0.267],[-4.204,1.215],[-0.735,0.22],[-4.184,1.552],[-0.395,0.149]],"o":[[-11.506,11.958],[-159.94,0],[0,0],[0.399,0.15],[4.179,1.548],[0.75,0.224],[4.19,1.211],[1.107,0.269],[5.116,1.192],[1.058,0.204],[4.747,0.892],[1.222,0.198],[5.672,0.885],[1.255,0.165],[5.065,0.646],[1.162,0.128],[5.87,0.624],[1.397,0.127],[5.019,0.434],[1.073,0.08],[5.679,0.41],[1.409,0.085],[4.742,0.273],[0.837,0.041],[5.157,0.243],[1.248,0.048],[4.121,0.149],[0.651,0.019],[4.254,0.118],[0.922,0.019],[3.469,0.066],[0.106,0.001],[3.111,0.039],[0.529,0.004],[2.038,0.011],[1.262,0],[0.489,-0.003],[2.337,-0.015],[0.106,-0.001],[2.887,-0.036],[0.885,-0.015],[3.722,-0.077],[0.639,-0.018],[3.777,-0.108],[1.221,-0.044],[4.796,-0.181],[0.829,-0.04],[4.537,-0.22],[1.379,-0.078],[5.497,-0.331],[1.049,-0.077],[4.958,-0.37],[1.376,-0.12],[5.848,-0.527],[1.153,-0.123],[5.119,-0.564],[1.249,-0.158],[5.815,-0.768],[1.212,-0.188],[4.932,-0.797],[1.055,-0.198],[5.422,-1.054],[1.114,-0.259],[4.513,-1.095],[0.745,-0.216],[4.656,-1.391],[0.4,-0.148],[0,0]],"v":[[258.793,91.69],[0.005,125.853],[-258.793,91.69],[-258.793,-57.562],[-257.519,-57.136],[-244.301,-52.724],[-241.997,-52.076],[-228.951,-48.626],[-225.636,-47.821],[-209.847,-44.451],[-206.638,-43.856],[-192.147,-41.329],[-188.494,-40.735],[-171.271,-38.26],[-167.496,-37.784],[-152.241,-35.972],[-148.764,-35.583],[-131.194,-33.861],[-127.029,-33.499],[-112.094,-32.293],[-108.88,-32.048],[-92.139,-30.943],[-87.971,-30.701],[-74.058,-29.959],[-71.532,-29.832],[-56.632,-29.203],[-52.973,-29.069],[-41.101,-28.683],[-39.126,-28.623],[-27.235,-28.339],[-24.569,-28.287],[-14.943,-28.13],[-14.61,-28.125],[-6.544,-28.049],[-5.1,-28.041],[0.005,-28.025],[5.108,-28.041],[6.556,-28.049],[14.62,-28.125],[14.953,-28.13],[24.582,-28.287],[27.241,-28.339],[39.135,-28.623],[41.109,-28.683],[52.981,-29.069],[56.64,-29.203],[71.54,-29.832],[74.062,-29.959],[88.002,-30.702],[92.126,-30.942],[108.902,-32.049],[112.064,-32.29],[127.064,-33.502],[131.181,-33.859],[148.777,-35.585],[152.224,-35.97],[167.524,-37.787],[171.264,-38.259],[188.515,-40.737],[192.116,-41.324],[206.666,-43.861],[209.839,-44.45],[225.653,-47.824],[228.939,-48.623],[242.028,-52.084],[244.289,-52.72],[257.528,-57.14],[258.793,-57.562]],"c":true},"ix":2},"nm":"Path 1","mn":"ADBE Vector Shape - Group","hd":false},{"ind":1,"ty":"sh","ix":2,"ks":{"a":0,"k":{"i":[[-17.26,-12.228],[0.221,-0.148],[0.632,-0.362],[0.973,-0.471],[0.903,-0.391],[1.268,-0.49],[1.176,-0.414],[1.557,-0.496],[1.45,-0.428],[1.842,-0.498],[1.742,-0.438],[2.113,-0.489],[2.021,-0.437],[2.401,-0.477],[2.29,-0.424],[2.708,-0.464],[2.548,-0.406],[2.979,-0.435],[2.846,-0.384],[3.293,-0.405],[3.048,-0.343],[3.682,-0.374],[3.247,-0.298],[4.043,-0.327],[3.423,-0.247],[4.477,-0.276],[3.564,-0.189],[5.064,-0.214],[3.501,-0.122],[6.092,-0.14],[3.062,-0.053],[9.816,0],[9.269,0.16],[3.002,0.07],[5.845,0.205],[3.411,0.144],[4.869,0.259],[3.459,0.211],[4.302,0.309],[3.307,0.268],[3.883,0.358],[3.118,0.314],[3.531,0.397],[2.914,0.358],[3.151,0.426],[2.712,0.396],[2.832,0.449],[2.424,0.416],[2.549,0.473],[2.169,0.434],[2.24,0.482],[1.898,0.44],[1.956,0.491],[1.613,0.438],[1.684,0.497],[1.33,0.424],[1.388,0.489],[1.06,0.408],[1.095,0.476],[0.787,0.383],[0.796,0.456],[0.52,0.349],[0.201,0.146],[-153.04,0]],"o":[[-0.201,0.146],[-0.521,0.349],[-0.797,0.456],[-0.788,0.383],[-1.097,0.476],[-1.056,0.406],[-1.392,0.489],[-1.33,0.424],[-1.679,0.495],[-1.617,0.437],[-1.956,0.492],[-1.894,0.439],[-2.244,0.484],[-2.163,0.433],[-2.552,0.474],[-2.423,0.415],[-2.825,0.448],[-2.719,0.398],[-3.138,0.424],[-2.927,0.359],[-3.518,0.396],[-3.13,0.316],[-3.877,0.356],[-3.31,0.269],[-4.3,0.309],[-3.461,0.211],[-4.869,0.259],[-3.413,0.145],[-5.845,0.204],[-3.002,0.07],[-9.268,0.16],[-9.816,0],[-3.061,-0.053],[-6.092,-0.14],[-3.5,-0.121],[-5.065,-0.214],[-3.564,-0.189],[-4.477,-0.276],[-3.416,-0.246],[-4.052,-0.328],[-3.235,-0.298],[-3.696,-0.375],[-3.034,-0.342],[-3.305,-0.407],[-2.838,-0.383],[-2.985,-0.435],[-2.549,-0.405],[-2.703,-0.464],[-2.297,-0.426],[-2.393,-0.477],[-2.025,-0.438],[-2.114,-0.49],[-1.737,-0.437],[-1.845,-0.499],[-1.45,-0.428],[-1.555,-0.496],[-1.179,-0.415],[-1.267,-0.489],[-0.902,-0.391],[-0.973,-0.471],[-0.631,-0.362],[-0.222,-0.148],[17.259,-12.228],[153.04,0]],"v":[[256.863,-93.298],[256.318,-92.868],[254.503,-91.792],[251.917,-90.408],[249.317,-89.242],[245.818,-87.798],[242.422,-86.565],[238.026,-85.087],[233.827,-83.808],[228.554,-82.319],[223.506,-81.007],[217.393,-79.536],[211.53,-78.223],[204.534,-76.779],[197.881,-75.492],[189.943,-74.088],[182.535,-72.855],[173.764,-71.534],[165.482,-70.356],[155.756,-69.124],[146.881,-68.059],[135.98,-66.918],[126.522,-65.981],[114.522,-64.977],[104.548,-64.181],[91.248,-63.332],[80.854,-62.7],[65.811,-62.025],[55.6,-61.588],[37.547,-61.109],[28.615,-60.883],[0.005,-60.634],[-28.606,-60.883],[-37.537,-61.109],[-55.59,-61.588],[-65.798,-62.025],[-80.845,-62.7],[-91.239,-63.332],[-104.54,-64.181],[-114.5,-64.975],[-126.52,-65.981],[-135.942,-66.915],[-146.884,-68.059],[-155.72,-69.121],[-165.489,-70.358],[-173.743,-71.532],[-182.532,-72.855],[-189.944,-74.089],[-197.869,-75.491],[-204.541,-76.782],[-211.519,-78.221],[-217.394,-79.537],[-223.508,-81.008],[-228.545,-82.318],[-233.829,-83.81],[-238.027,-85.087],[-242.414,-86.563],[-245.82,-87.8],[-249.317,-89.242],[-251.917,-90.408],[-254.503,-91.792],[-256.317,-92.868],[-256.862,-93.298],[0.005,-125.854]],"c":true},"ix":2},"nm":"Path 2","mn":"ADBE Vector Shape - Group","hd":false},{"ind":2,"ty":"sh","ix":3,"ks":{"a":0,"k":{"i":[[30.46,0],[0,-63.388],[0,0],[-30.46,0],[0,63.388],[0,0]],"o":[[-30.46,0],[0,0],[0,63.388],[30.46,0],[0,0],[0,-63.388]],"v":[[0.005,-158.462],[-297.611,-93.245],[-297.611,93.243],[0.005,158.462],[297.611,93.243],[297.611,-93.245]],"c":true},"ix":2},"nm":"Path 3","mn":"ADBE Vector Shape - Group","hd":false},{"ty":"mm","mm":1,"nm":"Merge Paths 1","mn":"ADBE Vector Filter - Merge","hd":false},{"ty":"fl","c":{"a":0,"k":[0.256936256558,0.248459595325,0.250205215753,1],"ix":4},"o":{"a":0,"k":100,"ix":5},"r":1,"bm":0,"nm":"Fill 1","mn":"ADBE Vector Graphic - Fill","hd":false},{"ty":"tr","p":{"a":0,"k":[297.862,158.714],"ix":2},"a":{"a":0,"k":[0,0],"ix":1},"s":{"a":0,"k":[100,100],"ix":3},"r":{"a":0,"k":0,"ix":6},"o":{"a":0,"k":100,"ix":7},"sk":{"a":0,"k":0,"ix":4},"sa":{"a":0,"k":0,"ix":5},"nm":"Transform"}],"nm":"Group 1","np":5,"cix":2,"bm":0,"ix":1,"mn":"ADBE Vector Group","hd":false},{"ty":"gr","it":[{"ind":0,"ty":"sh","ix":1,"ks":{"a":0,"k":{"i":[[30.461,0],[0,-63.388],[0,0],[-30.46,0],[0,63.389],[0,0]],"o":[[-30.46,0],[0,0],[0,63.389],[30.461,0],[0,0],[0,-63.388]],"v":[[0.005,-158.463],[-297.612,-93.243],[-297.612,93.244],[0.005,158.463],[297.612,93.244],[297.612,-93.243]],"c":true},"ix":2},"nm":"Path 1","mn":"ADBE Vector Shape - Group","hd":false},{"ty":"fl","c":{"a":0,"k":[0.997296202417,0.874906472599,0.221530465519,1],"ix":4},"o":{"a":0,"k":100,"ix":5},"r":1,"bm":0,"nm":"Fill 1","mn":"ADBE Vector Graphic - Fill","hd":false},{"ty":"tr","p":{"a":0,"k":[297.862,158.713],"ix":2},"a":{"a":0,"k":[0,0],"ix":1},"s":{"a":0,"k":[100,100],"ix":3},"r":{"a":0,"k":0,"ix":6},"o":{"a":0,"k":100,"ix":7},"sk":{"a":0,"k":0,"ix":4},"sa":{"a":0,"k":0,"ix":5},"nm":"Transform"}],"nm":"Group 2","np":2,"cix":2,"bm":0,"ix":2,"mn":"ADBE Vector Group","hd":false}],"ip":57.0000023216576,"op":657.000026760159,"st":57.0000023216576,"ct":1,"bm":0},{"ddd":0,"ind":3,"ty":4,"nm":"Layer 4 Outlines","sr":1,"ks":{"o":{"a":1,"k":[{"i":{"x":[0.833],"y":[0.833]},"o":{"x":[0.167],"y":[0.167]},"t":117,"s":[100]},{"t":127.000005172816,"s":[0]}],"ix":11},"r":{"a":0,"k":0,"ix":10},"p":{"s":true,"x":{"a":1,"k":[{"i":{"x":[0.833],"y":[0.833]},"o":{"x":[0.167],"y":[0.167]},"t":29,"s":[1336.914]},{"i":{"x":[0.833],"y":[0.833]},"o":{"x":[0.167],"y":[0.167]},"t":58,"s":[1336.914]},{"i":{"x":[0.833],"y":[0.833]},"o":{"x":[0.167],"y":[0.167]},"t":106,"s":[1336.914]},{"t":125.000005091354,"s":[1336.914]}],"ix":3},"y":{"a":1,"k":[{"i":{"x":[0.667],"y":[1]},"o":{"x":[1],"y":[0]},"t":29,"s":[-173.558]},{"i":{"x":[0.667],"y":[1]},"o":{"x":[0.333],"y":[0]},"t":58,"s":[1310.442]},{"i":{"x":[0.41],"y":[1]},"o":{"x":[0.988],"y":[0]},"t":106,"s":[1310.442]},{"t":125.000005091354,"s":[-173.558]}],"ix":4}},"a":{"a":0,"k":[297.862,158.714,0],"ix":1,"l":2},"s":{"a":0,"k":[100,100,100],"ix":6,"l":2}},"ao":0,"shapes":[{"ty":"gr","it":[{"ind":0,"ty":"sh","ix":1,"ks":{"a":0,"k":{"i":[[0,0],[159.93,0],[11.506,11.957],[0,0],[-0.403,-0.15],[-4.649,-1.388],[-0.76,-0.218],[-4.499,-1.09],[-1.124,-0.261],[-5.415,-1.052],[-1.067,-0.2],[-4.913,-0.793],[-1.231,-0.192],[-5.805,-0.765],[-1.261,-0.16],[-5.105,-0.563],[-1.163,-0.124],[-5.839,-0.526],[-1.392,-0.121],[-4.935,-0.37],[-1.066,-0.076],[-5.486,-0.332],[-1.393,-0.08],[-4.528,-0.22],[-0.829,-0.04],[-4.797,-0.182],[-1.22,-0.043],[-3.776,-0.108],[-0.639,-0.018],[-3.721,-0.076],[-0.888,-0.015],[-2.887,-0.037],[-0.107,-0.001],[-2.338,-0.016],[-0.488,-0.003],[-1.262,0],[-2.037,0.01],[-0.532,0.004],[-3.109,0.039],[-0.106,0.001],[-3.471,0.067],[-0.92,0.018],[-4.253,0.117],[-0.65,0.019],[-4.121,0.149],[-1.248,0.048],[-5.157,0.242],[-0.836,0.04],[-4.749,0.274],[-1.394,0.084],[-5.691,0.411],[-1.054,0.079],[-5.041,0.436],[-1.38,0.124],[-5.878,0.625],[-1.153,0.127],[-5.081,0.648],[-1.243,0.164],[-5.682,0.886],[-1.205,0.194],[-4.766,0.896],[-1.046,0.203],[-5.121,1.194],[-1.098,0.266],[-4.204,1.215],[-0.735,0.221],[-4.184,1.55],[-0.395,0.149]],"o":[[-11.506,11.957],[-159.94,0],[0,0],[0.399,0.15],[4.179,1.547],[0.75,0.225],[4.19,1.212],[1.107,0.27],[5.116,1.192],[1.058,0.205],[4.747,0.892],[1.222,0.197],[5.672,0.884],[1.255,0.165],[5.065,0.646],[1.162,0.129],[5.87,0.625],[1.397,0.127],[5.019,0.435],[1.073,0.08],[5.679,0.41],[1.409,0.084],[4.742,0.273],[0.837,0.041],[5.157,0.242],[1.248,0.048],[4.121,0.149],[0.651,0.019],[4.254,0.117],[0.922,0.018],[3.469,0.067],[0.106,0.001],[3.111,0.039],[0.529,0.004],[2.038,0.01],[1.262,0],[0.489,-0.003],[2.337,-0.016],[0.106,-0.001],[2.887,-0.037],[0.885,-0.015],[3.722,-0.076],[0.639,-0.018],[3.777,-0.108],[1.221,-0.043],[4.796,-0.182],[0.829,-0.04],[4.537,-0.22],[1.379,-0.079],[5.497,-0.331],[1.049,-0.076],[4.958,-0.37],[1.376,-0.12],[5.848,-0.527],[1.153,-0.124],[5.119,-0.564],[1.249,-0.158],[5.815,-0.767],[1.212,-0.188],[4.932,-0.798],[1.055,-0.198],[5.422,-1.054],[1.114,-0.259],[4.513,-1.096],[0.745,-0.215],[4.656,-1.39],[0.4,-0.149],[0,0]],"v":[[258.793,91.692],[0.005,125.854],[-258.793,91.692],[-258.793,-57.56],[-257.519,-57.135],[-244.301,-52.723],[-241.997,-52.076],[-228.951,-48.626],[-225.636,-47.82],[-209.847,-44.45],[-206.638,-43.855],[-192.147,-41.327],[-188.494,-40.733],[-171.271,-38.259],[-167.496,-37.783],[-152.241,-35.971],[-148.764,-35.583],[-131.194,-33.86],[-127.029,-33.498],[-112.094,-32.292],[-108.88,-32.047],[-92.139,-30.941],[-87.971,-30.7],[-74.058,-29.958],[-71.532,-29.83],[-56.632,-29.201],[-52.973,-29.068],[-41.101,-28.681],[-39.126,-28.621],[-27.235,-28.338],[-24.569,-28.286],[-14.943,-28.129],[-14.61,-28.124],[-6.544,-28.048],[-5.1,-28.039],[0.005,-28.024],[5.108,-28.039],[6.556,-28.048],[14.62,-28.124],[14.953,-28.129],[24.582,-28.286],[27.241,-28.338],[39.135,-28.621],[41.109,-28.681],[52.981,-29.068],[56.64,-29.201],[71.54,-29.83],[74.062,-29.958],[88.002,-30.701],[92.126,-30.941],[108.902,-32.048],[112.064,-32.289],[127.064,-33.501],[131.181,-33.857],[148.777,-35.583],[152.224,-35.969],[167.524,-37.786],[171.264,-38.258],[188.515,-40.736],[192.116,-41.322],[206.666,-43.86],[209.839,-44.448],[225.653,-47.823],[228.939,-48.621],[242.028,-52.083],[244.289,-52.719],[257.528,-57.138],[258.793,-57.56]],"c":true},"ix":2},"nm":"Path 1","mn":"ADBE Vector Shape - Group","hd":false},{"ind":1,"ty":"sh","ix":2,"ks":{"a":0,"k":{"i":[[-17.26,-12.228],[0.221,-0.147],[0.632,-0.361],[0.973,-0.471],[0.903,-0.39],[1.268,-0.49],[1.176,-0.414],[1.557,-0.497],[1.45,-0.428],[1.842,-0.497],[1.742,-0.439],[2.113,-0.49],[2.021,-0.437],[2.401,-0.479],[2.29,-0.424],[2.708,-0.464],[2.548,-0.406],[2.979,-0.434],[2.846,-0.385],[3.293,-0.406],[3.048,-0.344],[3.682,-0.372],[3.247,-0.298],[4.043,-0.327],[3.423,-0.247],[4.477,-0.275],[3.564,-0.188],[5.064,-0.214],[3.501,-0.123],[6.092,-0.139],[3.062,-0.053],[9.816,0],[9.269,0.16],[3.002,0.071],[5.845,0.205],[3.411,0.144],[4.869,0.259],[3.459,0.211],[4.302,0.31],[3.307,0.268],[3.883,0.359],[3.118,0.316],[3.531,0.399],[2.914,0.358],[3.151,0.425],[2.712,0.397],[2.832,0.449],[2.424,0.416],[2.549,0.474],[2.169,0.433],[2.24,0.482],[1.898,0.44],[1.956,0.49],[1.613,0.437],[1.684,0.496],[1.33,0.425],[1.388,0.489],[1.06,0.408],[1.095,0.476],[0.787,0.382],[0.796,0.456],[0.52,0.35],[0.201,0.146],[-153.04,0]],"o":[[-0.201,0.146],[-0.521,0.35],[-0.797,0.456],[-0.788,0.382],[-1.097,0.476],[-1.056,0.407],[-1.392,0.49],[-1.33,0.423],[-1.679,0.496],[-1.617,0.438],[-1.956,0.491],[-1.894,0.439],[-2.244,0.484],[-2.163,0.432],[-2.552,0.475],[-2.423,0.415],[-2.825,0.448],[-2.719,0.397],[-3.138,0.423],[-2.927,0.359],[-3.518,0.395],[-3.13,0.316],[-3.877,0.356],[-3.31,0.268],[-4.3,0.31],[-3.461,0.211],[-4.869,0.259],[-3.413,0.145],[-5.845,0.203],[-3.002,0.071],[-9.268,0.16],[-9.816,0],[-3.061,-0.053],[-6.092,-0.139],[-3.5,-0.122],[-5.065,-0.214],[-3.564,-0.188],[-4.477,-0.275],[-3.416,-0.246],[-4.052,-0.328],[-3.235,-0.297],[-3.696,-0.374],[-3.034,-0.341],[-3.305,-0.406],[-2.838,-0.384],[-2.985,-0.435],[-2.549,-0.405],[-2.703,-0.464],[-2.297,-0.426],[-2.393,-0.477],[-2.025,-0.437],[-2.114,-0.489],[-1.737,-0.438],[-1.845,-0.5],[-1.45,-0.428],[-1.555,-0.495],[-1.179,-0.414],[-1.267,-0.489],[-0.902,-0.39],[-0.973,-0.471],[-0.631,-0.361],[-0.222,-0.147],[17.259,-12.228],[153.04,0]],"v":[[256.863,-93.297],[256.318,-92.868],[254.503,-91.791],[251.917,-90.406],[249.317,-89.241],[245.818,-87.797],[242.422,-86.564],[238.026,-85.085],[233.827,-83.807],[228.554,-82.319],[223.506,-81.005],[217.393,-79.535],[211.53,-78.222],[204.534,-76.777],[197.881,-75.491],[189.943,-74.087],[182.535,-72.854],[173.764,-71.533],[165.482,-70.354],[155.756,-69.123],[146.881,-68.057],[135.98,-66.918],[126.522,-65.98],[114.522,-64.975],[104.548,-64.18],[91.248,-63.331],[80.854,-62.699],[65.811,-62.024],[55.6,-61.586],[37.547,-61.109],[28.615,-60.882],[0.005,-60.633],[-28.606,-60.882],[-37.537,-61.109],[-55.59,-61.586],[-65.798,-62.024],[-80.845,-62.699],[-91.239,-63.331],[-104.54,-64.18],[-114.5,-64.974],[-126.52,-65.98],[-135.942,-66.915],[-146.884,-68.059],[-155.72,-69.12],[-165.489,-70.356],[-173.743,-71.531],[-182.532,-72.854],[-189.944,-74.088],[-197.869,-75.49],[-204.541,-76.78],[-211.519,-78.22],[-217.394,-79.536],[-223.508,-81.006],[-228.545,-82.316],[-233.829,-83.809],[-238.027,-85.087],[-242.414,-86.562],[-245.82,-87.798],[-249.317,-89.241],[-251.917,-90.406],[-254.503,-91.791],[-256.317,-92.868],[-256.862,-93.297],[0.005,-125.853]],"c":true},"ix":2},"nm":"Path 2","mn":"ADBE Vector Shape - Group","hd":false},{"ind":2,"ty":"sh","ix":3,"ks":{"a":0,"k":{"i":[[30.46,0],[0,-63.387],[0,0],[-30.46,0],[0,63.388],[0,0]],"o":[[-30.46,0],[0,0],[0,63.388],[30.46,0],[0,0],[0,-63.387]],"v":[[0.005,-158.463],[-297.611,-93.244],[-297.611,93.244],[0.005,158.463],[297.611,93.244],[297.611,-93.244]],"c":true},"ix":2},"nm":"Path 3","mn":"ADBE Vector Shape - Group","hd":false},{"ty":"mm","mm":1,"nm":"Merge Paths 1","mn":"ADBE Vector Filter - Merge","hd":false},{"ty":"fl","c":{"a":0,"k":[0.256936256558,0.248459595325,0.250205215753,1],"ix":4},"o":{"a":0,"k":100,"ix":5},"r":1,"bm":0,"nm":"Fill 1","mn":"ADBE Vector Graphic - Fill","hd":false},{"ty":"tr","p":{"a":0,"k":[297.862,158.713],"ix":2},"a":{"a":0,"k":[0,0],"ix":1},"s":{"a":0,"k":[100,100],"ix":3},"r":{"a":0,"k":0,"ix":6},"o":{"a":0,"k":100,"ix":7},"sk":{"a":0,"k":0,"ix":4},"sa":{"a":0,"k":0,"ix":5},"nm":"Transform"}],"nm":"Group 1","np":5,"cix":2,"bm":0,"ix":1,"mn":"ADBE Vector Group","hd":false},{"ty":"gr","it":[{"ind":0,"ty":"sh","ix":1,"ks":{"a":0,"k":{"i":[[30.461,0],[0,-63.388],[0,0],[-30.46,0],[0,63.389],[0,0]],"o":[[-30.46,0],[0,0],[0,63.389],[30.461,0],[0,0],[0,-63.388]],"v":[[0.005,-158.463],[-297.612,-93.243],[-297.612,93.244],[0.005,158.464],[297.612,93.244],[297.612,-93.243]],"c":true},"ix":2},"nm":"Path 1","mn":"ADBE Vector Shape - Group","hd":false},{"ty":"fl","c":{"a":0,"k":[0.997296202417,0.874906472599,0.221530465519,1],"ix":4},"o":{"a":0,"k":100,"ix":5},"r":1,"bm":0,"nm":"Fill 1","mn":"ADBE Vector Graphic - Fill","hd":false},{"ty":"tr","p":{"a":0,"k":[297.862,158.714],"ix":2},"a":{"a":0,"k":[0,0],"ix":1},"s":{"a":0,"k":[100,100],"ix":3},"r":{"a":0,"k":0,"ix":6},"o":{"a":0,"k":100,"ix":7},"sk":{"a":0,"k":0,"ix":4},"sa":{"a":0,"k":0,"ix":5},"nm":"Transform"}],"nm":"Group 2","np":2,"cix":2,"bm":0,"ix":2,"mn":"ADBE Vector Group","hd":false}],"ip":29.0000011811942,"op":629.000025619695,"st":29.0000011811942,"ct":1,"bm":0},{"ddd":0,"ind":4,"ty":4,"nm":"Layer 5 Outlines","sr":1,"ks":{"o":{"a":1,"k":[{"i":{"x":[0.833],"y":[0.833]},"o":{"x":[0.167],"y":[0.167]},"t":117,"s":[100]},{"t":127.000005172816,"s":[0]}],"ix":11},"r":{"a":0,"k":0,"ix":10},"p":{"s":true,"x":{"a":1,"k":[{"i":{"x":[0.667],"y":[1]},"o":{"x":[0.333],"y":[0]},"t":0,"s":[1336.914]},{"i":{"x":[0.667],"y":[1]},"o":{"x":[0.167],"y":[0]},"t":29,"s":[1336.914]},{"i":{"x":[0.667],"y":[1]},"o":{"x":[0.167],"y":[0]},"t":109,"s":[1336.914]},{"t":128.000005213547,"s":[1336.914]}],"ix":3},"y":{"a":1,"k":[{"i":{"x":[0.565],"y":[1]},"o":{"x":[1],"y":[0]},"t":0,"s":[-198.346]},{"i":{"x":[0.565],"y":[1]},"o":{"x":[1],"y":[0]},"t":29,"s":[1497.654]},{"i":{"x":[0.567],"y":[1]},"o":{"x":[1],"y":[0]},"t":109,"s":[1497.654]},{"t":128.000005213547,"s":[-198.346]}],"ix":4}},"a":{"a":0,"k":[297.862,158.713,0],"ix":1,"l":2},"s":{"a":0,"k":[100,100,100],"ix":6,"l":2}},"ao":0,"shapes":[{"ty":"gr","it":[{"ind":0,"ty":"sh","ix":1,"ks":{"a":0,"k":{"i":[[0,0],[159.93,0],[11.506,11.958],[0,0],[-0.403,-0.15],[-4.649,-1.388],[-0.76,-0.219],[-4.499,-1.091],[-1.124,-0.261],[-5.415,-1.053],[-1.067,-0.2],[-4.913,-0.793],[-1.231,-0.191],[-5.805,-0.766],[-1.261,-0.16],[-5.105,-0.563],[-1.163,-0.124],[-5.839,-0.526],[-1.392,-0.121],[-4.935,-0.37],[-1.066,-0.076],[-5.486,-0.331],[-1.393,-0.081],[-4.528,-0.221],[-0.829,-0.04],[-4.797,-0.181],[-1.22,-0.044],[-3.776,-0.108],[-0.639,-0.018],[-3.721,-0.077],[-0.888,-0.016],[-2.887,-0.037],[-0.107,-0.001],[-2.338,-0.015],[-0.488,-0.003],[-1.262,0],[-2.037,0.011],[-0.532,0.005],[-3.109,0.039],[-0.106,0.001],[-3.471,0.066],[-0.92,0.019],[-4.253,0.118],[-0.65,0.019],[-4.121,0.149],[-1.248,0.048],[-5.157,0.243],[-0.836,0.04],[-4.749,0.274],[-1.394,0.084],[-5.691,0.411],[-1.054,0.079],[-5.041,0.436],[-1.38,0.124],[-5.878,0.626],[-1.153,0.128],[-5.081,0.648],[-1.243,0.164],[-5.682,0.886],[-1.205,0.195],[-4.766,0.897],[-1.046,0.203],[-5.121,1.194],[-1.098,0.267],[-4.204,1.215],[-0.735,0.22],[-4.184,1.551],[-0.395,0.149]],"o":[[-11.506,11.958],[-159.94,0],[0,0],[0.399,0.15],[4.179,1.547],[0.75,0.224],[4.19,1.211],[1.107,0.269],[5.116,1.191],[1.058,0.204],[4.747,0.892],[1.222,0.198],[5.672,0.885],[1.255,0.165],[5.065,0.645],[1.162,0.128],[5.87,0.625],[1.397,0.126],[5.019,0.434],[1.073,0.08],[5.679,0.41],[1.409,0.085],[4.742,0.273],[0.837,0.041],[5.157,0.243],[1.248,0.048],[4.121,0.149],[0.651,0.019],[4.254,0.118],[0.922,0.019],[3.469,0.066],[0.106,0.001],[3.111,0.039],[0.529,0.005],[2.038,0.011],[1.262,0],[0.489,-0.003],[2.337,-0.015],[0.106,-0.001],[2.887,-0.037],[0.885,-0.016],[3.722,-0.077],[0.639,-0.018],[3.777,-0.108],[1.221,-0.044],[4.796,-0.181],[0.829,-0.04],[4.537,-0.221],[1.379,-0.079],[5.497,-0.331],[1.049,-0.077],[4.958,-0.37],[1.376,-0.12],[5.848,-0.527],[1.153,-0.123],[5.119,-0.564],[1.249,-0.158],[5.815,-0.768],[1.212,-0.187],[4.932,-0.797],[1.055,-0.197],[5.422,-1.054],[1.114,-0.259],[4.513,-1.095],[0.745,-0.216],[4.656,-1.391],[0.4,-0.148],[0,0]],"v":[[258.793,91.691],[0.005,125.854],[-258.793,91.691],[-258.793,-57.561],[-257.519,-57.135],[-244.301,-52.723],[-241.997,-52.075],[-228.951,-48.626],[-225.636,-47.82],[-209.847,-44.45],[-206.638,-43.855],[-192.147,-41.328],[-188.494,-40.734],[-171.271,-38.259],[-167.496,-37.783],[-152.241,-35.971],[-148.764,-35.583],[-131.194,-33.86],[-127.029,-33.498],[-112.094,-32.292],[-108.88,-32.047],[-92.139,-30.942],[-87.971,-30.7],[-74.058,-29.958],[-71.532,-29.831],[-56.632,-29.202],[-52.973,-29.068],[-41.101,-28.682],[-39.126,-28.622],[-27.235,-28.338],[-24.569,-28.286],[-14.943,-28.129],[-14.61,-28.124],[-6.544,-28.049],[-5.1,-28.04],[0.005,-28.024],[5.108,-28.04],[6.556,-28.049],[14.62,-28.124],[14.953,-28.129],[24.582,-28.286],[27.241,-28.338],[39.135,-28.622],[41.109,-28.682],[52.981,-29.068],[56.64,-29.202],[71.54,-29.831],[74.062,-29.958],[88.002,-30.701],[92.126,-30.941],[108.902,-32.048],[112.064,-32.289],[127.064,-33.501],[131.181,-33.858],[148.777,-35.584],[152.224,-35.969],[167.524,-37.786],[171.264,-38.258],[188.515,-40.737],[192.116,-41.323],[206.666,-43.861],[209.839,-44.449],[225.653,-47.823],[228.939,-48.622],[242.028,-52.083],[244.289,-52.719],[257.528,-57.139],[258.793,-57.561]],"c":true},"ix":2},"nm":"Path 1","mn":"ADBE Vector Shape - Group","hd":false},{"ind":1,"ty":"sh","ix":2,"ks":{"a":0,"k":{"i":[[-17.26,-12.228],[0.221,-0.147],[0.632,-0.362],[0.973,-0.471],[0.903,-0.391],[1.268,-0.49],[1.176,-0.414],[1.557,-0.496],[1.45,-0.428],[1.842,-0.497],[1.742,-0.438],[2.113,-0.489],[2.021,-0.437],[2.401,-0.478],[2.29,-0.424],[2.708,-0.464],[2.548,-0.406],[2.979,-0.435],[2.846,-0.384],[3.293,-0.406],[3.048,-0.343],[3.682,-0.373],[3.247,-0.299],[4.043,-0.327],[3.423,-0.247],[4.477,-0.276],[3.564,-0.189],[5.064,-0.214],[3.501,-0.122],[6.092,-0.14],[3.062,-0.054],[9.816,0],[9.269,0.16],[3.002,0.07],[5.845,0.205],[3.411,0.144],[4.869,0.259],[3.459,0.211],[4.302,0.309],[3.307,0.268],[3.883,0.358],[3.118,0.315],[3.531,0.398],[2.914,0.358],[3.151,0.426],[2.712,0.396],[2.832,0.449],[2.424,0.416],[2.549,0.473],[2.169,0.434],[2.24,0.482],[1.898,0.44],[1.956,0.491],[1.613,0.438],[1.684,0.496],[1.33,0.425],[1.388,0.489],[1.06,0.408],[1.095,0.476],[0.787,0.383],[0.796,0.456],[0.52,0.35],[0.201,0.146],[-153.04,0]],"o":[[-0.201,0.146],[-0.521,0.35],[-0.797,0.456],[-0.788,0.383],[-1.097,0.476],[-1.056,0.406],[-1.392,0.489],[-1.33,0.424],[-1.679,0.495],[-1.617,0.438],[-1.956,0.492],[-1.894,0.44],[-2.244,0.484],[-2.163,0.433],[-2.552,0.474],[-2.423,0.415],[-2.825,0.448],[-2.719,0.398],[-3.138,0.424],[-2.927,0.359],[-3.518,0.396],[-3.13,0.317],[-3.877,0.356],[-3.31,0.269],[-4.3,0.309],[-3.461,0.211],[-4.869,0.259],[-3.413,0.145],[-5.845,0.204],[-3.002,0.07],[-9.268,0.16],[-9.816,0],[-3.061,-0.054],[-6.092,-0.14],[-3.5,-0.121],[-5.065,-0.214],[-3.564,-0.189],[-4.477,-0.276],[-3.416,-0.246],[-4.052,-0.328],[-3.235,-0.298],[-3.696,-0.374],[-3.034,-0.341],[-3.305,-0.407],[-2.838,-0.383],[-2.985,-0.435],[-2.549,-0.405],[-2.703,-0.464],[-2.297,-0.426],[-2.393,-0.477],[-2.025,-0.438],[-2.114,-0.49],[-1.737,-0.437],[-1.845,-0.499],[-1.45,-0.428],[-1.555,-0.495],[-1.179,-0.415],[-1.267,-0.489],[-0.902,-0.391],[-0.973,-0.471],[-0.631,-0.362],[-0.222,-0.147],[17.259,-12.228],[153.04,0]],"v":[[256.863,-93.297],[256.318,-92.868],[254.503,-91.791],[251.917,-90.407],[249.317,-89.241],[245.818,-87.797],[242.422,-86.564],[238.026,-85.086],[233.827,-83.807],[228.554,-82.319],[223.506,-81.006],[217.393,-79.536],[211.53,-78.222],[204.534,-76.778],[197.881,-75.491],[189.943,-74.087],[182.535,-72.854],[173.764,-71.533],[165.482,-70.355],[155.756,-69.123],[146.881,-68.058],[135.98,-66.918],[126.522,-65.98],[114.522,-64.976],[104.548,-64.18],[91.248,-63.331],[80.854,-62.699],[65.811,-62.024],[55.6,-61.587],[37.547,-61.108],[28.615,-60.882],[0.005,-60.633],[-28.606,-60.882],[-37.537,-61.108],[-55.59,-61.587],[-65.798,-62.024],[-80.845,-62.699],[-91.239,-63.331],[-104.54,-64.18],[-114.5,-64.974],[-126.52,-65.98],[-135.942,-66.915],[-146.884,-68.059],[-155.72,-69.12],[-165.489,-70.357],[-173.743,-71.531],[-182.532,-72.854],[-189.944,-74.088],[-197.869,-75.49],[-204.541,-76.781],[-211.519,-78.22],[-217.394,-79.536],[-223.508,-81.007],[-228.545,-82.317],[-233.829,-83.809],[-238.027,-85.087],[-242.414,-86.562],[-245.82,-87.799],[-249.317,-89.241],[-251.917,-90.407],[-254.503,-91.791],[-256.317,-92.868],[-256.862,-93.297],[0.005,-125.854]],"c":true},"ix":2},"nm":"Path 2","mn":"ADBE Vector Shape - Group","hd":false},{"ind":2,"ty":"sh","ix":3,"ks":{"a":0,"k":{"i":[[30.46,0],[0,-63.388],[0,0],[-30.46,0],[0,63.388],[0,0]],"o":[[-30.46,0],[0,0],[0,63.388],[30.46,0],[0,0],[0,-63.388]],"v":[[0.005,-158.463],[-297.611,-93.244],[-297.611,93.244],[0.005,158.463],[297.611,93.244],[297.611,-93.244]],"c":true},"ix":2},"nm":"Path 3","mn":"ADBE Vector Shape - Group","hd":false},{"ty":"mm","mm":1,"nm":"Merge Paths 1","mn":"ADBE Vector Filter - Merge","hd":false},{"ty":"fl","c":{"a":0,"k":[0.256936256558,0.248459595325,0.250205215753,1],"ix":4},"o":{"a":0,"k":100,"ix":5},"r":1,"bm":0,"nm":"Fill 1","mn":"ADBE Vector Graphic - Fill","hd":false},{"ty":"tr","p":{"a":0,"k":[297.862,158.713],"ix":2},"a":{"a":0,"k":[0,0],"ix":1},"s":{"a":0,"k":[100,100],"ix":3},"r":{"a":0,"k":0,"ix":6},"o":{"a":0,"k":100,"ix":7},"sk":{"a":0,"k":0,"ix":4},"sa":{"a":0,"k":0,"ix":5},"nm":"Transform"}],"nm":"Group 1","np":5,"cix":2,"bm":0,"ix":1,"mn":"ADBE Vector Group","hd":false},{"ty":"gr","it":[{"ind":0,"ty":"sh","ix":1,"ks":{"a":0,"k":{"i":[[30.461,0],[0,-63.389],[0,0],[-30.46,0],[0,63.389],[0,0]],"o":[[-30.46,0],[0,0],[0,63.389],[30.461,0],[0,0],[0,-63.389]],"v":[[0.005,-158.463],[-297.612,-93.243],[-297.612,93.244],[0.005,158.463],[297.612,93.244],[297.612,-93.243]],"c":true},"ix":2},"nm":"Path 1","mn":"ADBE Vector Shape - Group","hd":false},{"ty":"fl","c":{"a":0,"k":[0.997296202417,0.874906472599,0.221530465519,1],"ix":4},"o":{"a":0,"k":100,"ix":5},"r":1,"bm":0,"nm":"Fill 1","mn":"ADBE Vector Graphic - Fill","hd":false},{"ty":"tr","p":{"a":0,"k":[297.862,158.713],"ix":2},"a":{"a":0,"k":[0,0],"ix":1},"s":{"a":0,"k":[100,100],"ix":3},"r":{"a":0,"k":0,"ix":6},"o":{"a":0,"k":100,"ix":7},"sk":{"a":0,"k":0,"ix":4},"sa":{"a":0,"k":0,"ix":5},"nm":"Transform"}],"nm":"Group 2","np":2,"cix":2,"bm":0,"ix":2,"mn":"ADBE Vector Group","hd":false}],"ip":0,"op":600.000024438501,"st":0,"ct":1,"bm":0},{"ddd":0,"ind":5,"ty":5,"nm":"12345","parent":6,"sr":1,"ks":{"o":{"a":0,"k":100,"ix":11},"r":{"a":0,"k":0,"ix":10},"p":{"a":0,"k":[524.198,341.414,0],"ix":2,"l":2},"a":{"a":0,"k":[0,0,0],"ix":1,"l":2},"s":{"a":0,"k":[100,100,100],"ix":6,"l":2}},"ao":0,"hasMask":true,"masksProperties":[{"inv":false,"mode":"a","pt":{"a":1,"k":[{"i":{"x":0.667,"y":1},"o":{"x":0.333,"y":0},"t":21,"s":[{"i":[[0,0],[0,0],[0,0],[0,0]],"o":[[0,0],[0,0],[0,0],[0,0]],"v":[[332,-216],[284,-216],[284,44],[332,44]],"c":true}]},{"i":{"x":0.667,"y":1},"o":{"x":0.333,"y":0},"t":32,"s":[{"i":[[0,0],[0,0],[0,0],[0,0]],"o":[[0,0],[0,0],[0,0],[0,0]],"v":[[332,-216],[-316,-216],[-316,44],[332,44]],"c":true}]},{"i":{"x":0.667,"y":1},"o":{"x":0.333,"y":0},"t":114,"s":[{"i":[[0,0],[0,0],[0,0],[0,0]],"o":[[0,0],[0,0],[0,0],[0,0]],"v":[[332,-216],[-316,-216],[-316,44],[332,44]],"c":true}]},{"t":124.000005050624,"s":[{"i":[[0,0],[0,0],[0,0],[0,0]],"o":[[0,0],[0,0],[0,0],[0,0]],"v":[[332,-216],[268,-216],[268,44],[332,44]],"c":true}]}],"ix":1},"o":{"a":0,"k":100,"ix":3},"x":{"a":0,"k":0,"ix":4},"nm":"Mask 1"}],"t":{"d":{"k":[{"s":{"s":206,"f":"BebasNeue-Bold","t":"12345","ca":0,"j":2,"tr":107,"lh":190,"ls":0,"fc":[0.259,0.247,0.251]},"t":0}]},"p":{},"m":{"g":1,"a":{"a":0,"k":[0,0],"ix":2}},"a":[]},"ip":0,"op":600.000024438501,"st":0,"ct":1,"bm":0},{"ddd":0,"ind":6,"ty":4,"nm":"Layer 1 Outlines","sr":1,"ks":{"o":{"a":0,"k":100,"ix":11},"r":{"a":1,"k":[{"i":{"x":[0.667],"y":[1]},"o":{"x":[0.333],"y":[0]},"t":0,"s":[0]},{"i":{"x":[0.667],"y":[1]},"o":{"x":[0.333],"y":[0]},"t":25,"s":[-11]},{"i":{"x":[0.667],"y":[1]},"o":{"x":[0.333],"y":[0]},"t":49,"s":[0]},{"i":{"x":[0.667],"y":[1]},"o":{"x":[0.333],"y":[0]},"t":85,"s":[0]},{"i":{"x":[0.667],"y":[1]},"o":{"x":[0.333],"y":[0]},"t":110,"s":[-11]},{"t":134.000005457932,"s":[0]}],"ix":10},"p":{"s":true,"x":{"a":1,"k":[{"i":{"x":[0.667],"y":[1]},"o":{"x":[0.333],"y":[0]},"t":0,"s":[1000]},{"i":{"x":[0.667],"y":[1]},"o":{"x":[0.333],"y":[0]},"t":25,"s":[1000]},{"i":{"x":[0.667],"y":[1]},"o":{"x":[0.333],"y":[0]},"t":49,"s":[1000]},{"i":{"x":[0.667],"y":[1]},"o":{"x":[0.333],"y":[0]},"t":85,"s":[1000]},{"i":{"x":[0.667],"y":[1]},"o":{"x":[0.333],"y":[0]},"t":110,"s":[1000]},{"t":134.000005457932,"s":[1000]}],"ix":3},"y":{"a":1,"k":[{"i":{"x":[0.372],"y":[1]},"o":{"x":[0.333],"y":[0]},"t":0,"s":[1000]},{"i":{"x":[0.667],"y":[1]},"o":{"x":[0.872],"y":[0]},"t":25,"s":[892]},{"i":{"x":[0.667],"y":[1]},"o":{"x":[0.333],"y":[0]},"t":49,"s":[1000]},{"i":{"x":[0.372],"y":[1]},"o":{"x":[0.333],"y":[0]},"t":85,"s":[1000]},{"i":{"x":[0.667],"y":[1]},"o":{"x":[0.872],"y":[0]},"t":110,"s":[892]},{"t":134.000005457932,"s":[1000]}],"ix":4}},"a":{"a":0,"k":[544.198,621.414,0],"ix":1,"l":2},"s":{"a":0,"k":[100,100,100],"ix":6,"l":2}},"ao":0,"shapes":[{"ty":"gr","it":[{"ind":0,"ty":"sh","ix":1,"ks":{"a":0,"k":{"i":[[1.321,0],[0,0],[0,1.322],[0,0],[-1.322,0],[0,0],[0,-1.322],[0,0]],"o":[[0,0],[-1.322,0],[0,0],[0,-1.322],[0,0],[1.321,0],[0,0],[0,1.322]],"v":[[326.828,96.917],[-326.828,96.917],[-329.221,94.524],[-329.221,-94.524],[-326.828,-96.917],[326.828,-96.917],[329.221,-94.524],[329.221,94.524]],"c":true},"ix":2},"nm":"Path 1","mn":"ADBE Vector Shape - Group","hd":false},{"ty":"fl","c":{"a":0,"k":[0.997296202417,0.874906472599,0.221530465519,1],"ix":4},"o":{"a":0,"k":100,"ix":5},"r":1,"bm":0,"nm":"Fill 1","mn":"ADBE Vector Graphic - Fill","hd":false},{"ty":"tr","p":{"a":0,"k":[544.198,276.579],"ix":2},"a":{"a":0,"k":[0,0],"ix":1},"s":{"a":0,"k":[100,100],"ix":3},"r":{"a":0,"k":0,"ix":6},"o":{"a":0,"k":100,"ix":7},"sk":{"a":0,"k":0,"ix":4},"sa":{"a":0,"k":0,"ix":5},"nm":"Transform"}],"nm":"Group 1","np":2,"cix":2,"bm":0,"ix":1,"mn":"ADBE Vector Group","hd":false},{"ty":"gr","it":[{"ind":0,"ty":"sh","ix":1,"ks":{"a":0,"k":{"i":[[0,0],[0,-3.23],[0,0],[-3.23,0],[0,0],[0,3.231],[0,0],[3.23,0]],"o":[[-3.23,0],[0,0],[0,3.231],[0,0],[3.23,0],[0,0],[0,-3.23],[0,0]],"v":[[-37.48,-146.407],[-43.336,-140.551],[-43.336,140.55],[-37.48,146.407],[37.48,146.407],[43.336,140.55],[43.336,-140.551],[37.48,-146.407]],"c":true},"ix":2},"nm":"Path 1","mn":"ADBE Vector Shape - Group","hd":false},{"ind":1,"ty":"sh","ix":2,"ks":{"a":0,"k":{"i":[[23.893,0],[0,0],[0,23.893],[0,0],[-23.892,0],[0,0],[0,-23.891],[0,0]],"o":[[0,0],[-23.892,0],[0,0],[0,-23.891],[0,0],[23.893,0],[0,0],[0,23.893]],"v":[[37.48,183.887],[-37.48,183.887],[-80.817,140.55],[-80.817,-140.551],[-37.48,-183.887],[37.48,-183.887],[80.817,-140.551],[80.817,140.55]],"c":true},"ix":2},"nm":"Path 2","mn":"ADBE Vector Shape - Group","hd":false},{"ty":"mm","mm":1,"nm":"Merge Paths 1","mn":"ADBE Vector Filter - Merge","hd":false},{"ty":"fl","c":{"a":0,"k":[0.256936256558,0.248459595325,0.250205215753,1],"ix":4},"o":{"a":0,"k":100,"ix":5},"r":1,"bm":0,"nm":"Fill 1","mn":"ADBE Vector Graphic - Fill","hd":false},{"ty":"tr","p":{"a":0,"k":[837.735,905.814],"ix":2},"a":{"a":0,"k":[0,0],"ix":1},"s":{"a":0,"k":[100,100],"ix":3},"r":{"a":0,"k":0,"ix":6},"o":{"a":0,"k":100,"ix":7},"sk":{"a":0,"k":0,"ix":4},"sa":{"a":0,"k":0,"ix":5},"nm":"Transform"}],"nm":"Group 2","np":4,"cix":2,"bm":0,"ix":2,"mn":"ADBE Vector Group","hd":false},{"ty":"gr","it":[{"ind":0,"ty":"sh","ix":1,"ks":{"a":0,"k":{"i":[[0,0],[0,-3.229],[0,0],[-3.229,0],[0,0],[0,3.232],[0,0],[3.229,0]],"o":[[-3.229,0],[0,0],[0,3.232],[0,0],[3.229,0],[0,0],[0,-3.229],[0,0]],"v":[[-37.48,-43.336],[-43.336,-37.481],[-43.336,37.479],[-37.48,43.337],[37.481,43.337],[43.337,37.479],[43.337,-37.481],[37.481,-43.336]],"c":true},"ix":2},"nm":"Path 1","mn":"ADBE Vector Shape - Group","hd":false},{"ind":1,"ty":"sh","ix":2,"ks":{"a":0,"k":{"i":[[23.892,0],[0,0],[0,23.893],[0,0],[-23.892,0],[0,0],[0,-23.891],[0,0]],"o":[[0,0],[-23.892,0],[0,0],[0,-23.891],[0,0],[23.892,0],[0,0],[0,23.893]],"v":[[37.481,80.816],[-37.48,80.816],[-80.817,37.479],[-80.817,-37.481],[-37.48,-80.816],[37.481,-80.816],[80.817,-37.481],[80.817,37.479]],"c":true},"ix":2},"nm":"Path 2","mn":"ADBE Vector Shape - Group","hd":false},{"ty":"mm","mm":1,"nm":"Merge Paths 1","mn":"ADBE Vector Filter - Merge","hd":false},{"ty":"fl","c":{"a":0,"k":[0.256936256558,0.248459595325,0.250205215753,1],"ix":4},"o":{"a":0,"k":100,"ix":5},"r":1,"bm":0,"nm":"Fill 1","mn":"ADBE Vector Graphic - Fill","hd":false},{"ty":"tr","p":{"a":0,"k":[637.322,1008.884],"ix":2},"a":{"a":0,"k":[0,0],"ix":1},"s":{"a":0,"k":[100,100],"ix":3},"r":{"a":0,"k":0,"ix":6},"o":{"a":0,"k":100,"ix":7},"sk":{"a":0,"k":0,"ix":4},"sa":{"a":0,"k":0,"ix":5},"nm":"Transform"}],"nm":"Group 3","np":4,"cix":2,"bm":0,"ix":3,"mn":"ADBE Vector Group","hd":false},{"ty":"gr","it":[{"ind":0,"ty":"sh","ix":1,"ks":{"a":0,"k":{"i":[[0,0],[0,-3.229],[0,0],[-3.231,0],[0,0],[0,3.232],[0,0],[3.23,0]],"o":[[-3.231,0],[0,0],[0,3.232],[0,0],[3.23,0],[0,0],[0,-3.229],[0,0]],"v":[[-37.479,-43.336],[-43.335,-37.481],[-43.335,37.479],[-37.479,43.337],[37.48,43.337],[43.337,37.479],[43.337,-37.481],[37.48,-43.336]],"c":true},"ix":2},"nm":"Path 1","mn":"ADBE Vector Shape - Group","hd":false},{"ind":1,"ty":"sh","ix":2,"ks":{"a":0,"k":{"i":[[23.892,0],[0,0],[0,23.893],[0,0],[-23.893,0],[0,0],[0,-23.891],[0,0]],"o":[[0,0],[-23.893,0],[0,0],[0,-23.891],[0,0],[23.892,0],[0,0],[0,23.893]],"v":[[37.48,80.816],[-37.479,80.816],[-80.816,37.479],[-80.816,-37.481],[-37.479,-80.816],[37.48,-80.816],[80.816,-37.481],[80.816,37.479]],"c":true},"ix":2},"nm":"Path 2","mn":"ADBE Vector Shape - Group","hd":false},{"ty":"mm","mm":1,"nm":"Merge Paths 1","mn":"ADBE Vector Filter - Merge","hd":false},{"ty":"fl","c":{"a":0,"k":[0.256936256558,0.248459595325,0.250205215753,1],"ix":4},"o":{"a":0,"k":100,"ix":5},"r":1,"bm":0,"nm":"Fill 1","mn":"ADBE Vector Graphic - Fill","hd":false},{"ty":"tr","p":{"a":0,"k":[451.073,1008.884],"ix":2},"a":{"a":0,"k":[0,0],"ix":1},"s":{"a":0,"k":[100,100],"ix":3},"r":{"a":0,"k":0,"ix":6},"o":{"a":0,"k":100,"ix":7},"sk":{"a":0,"k":0,"ix":4},"sa":{"a":0,"k":0,"ix":5},"nm":"Transform"}],"nm":"Group 4","np":4,"cix":2,"bm":0,"ix":4,"mn":"ADBE Vector Group","hd":false},{"ty":"gr","it":[{"ind":0,"ty":"sh","ix":1,"ks":{"a":0,"k":{"i":[[0,0],[0,-3.229],[0,0],[-3.23,0],[0,0],[0,3.232],[0,0],[3.23,0]],"o":[[-3.23,0],[0,0],[0,3.232],[0,0],[3.23,0],[0,0],[0,-3.229],[0,0]],"v":[[-37.48,-43.336],[-43.338,-37.481],[-43.338,37.479],[-37.48,43.337],[37.479,43.337],[43.335,37.479],[43.335,-37.481],[37.479,-43.336]],"c":true},"ix":2},"nm":"Path 1","mn":"ADBE Vector Shape - Group","hd":false},{"ind":1,"ty":"sh","ix":2,"ks":{"a":0,"k":{"i":[[23.892,0],[0,0],[0,23.893],[0,0],[-23.892,0],[0,0],[0,-23.891],[0,0]],"o":[[0,0],[-23.892,0],[0,0],[0,-23.891],[0,0],[23.892,0],[0,0],[0,23.893]],"v":[[37.479,80.816],[-37.48,80.816],[-80.816,37.479],[-80.816,-37.481],[-37.48,-80.816],[37.479,-80.816],[80.816,-37.481],[80.816,37.479]],"c":true},"ix":2},"nm":"Path 2","mn":"ADBE Vector Shape - Group","hd":false},{"ty":"mm","mm":1,"nm":"Merge Paths 1","mn":"ADBE Vector Filter - Merge","hd":false},{"ty":"fl","c":{"a":0,"k":[0.256936256558,0.248459595325,0.250205215753,1],"ix":4},"o":{"a":0,"k":100,"ix":5},"r":1,"bm":0,"nm":"Fill 1","mn":"ADBE Vector Graphic - Fill","hd":false},{"ty":"tr","p":{"a":0,"k":[250.661,1008.884],"ix":2},"a":{"a":0,"k":[0,0],"ix":1},"s":{"a":0,"k":[100,100],"ix":3},"r":{"a":0,"k":0,"ix":6},"o":{"a":0,"k":100,"ix":7},"sk":{"a":0,"k":0,"ix":4},"sa":{"a":0,"k":0,"ix":5},"nm":"Transform"}],"nm":"Group 5","np":4,"cix":2,"bm":0,"ix":5,"mn":"ADBE Vector Group","hd":false},{"ty":"gr","it":[{"ind":0,"ty":"sh","ix":1,"ks":{"a":0,"k":{"i":[[0,0],[0,-3.23],[0,0],[-3.229,0],[0,0],[0,3.231],[0,0],[3.229,0]],"o":[[-3.229,0],[0,0],[0,3.231],[0,0],[3.229,0],[0,0],[0,-3.23],[0,0]],"v":[[-37.48,-43.336],[-43.336,-37.481],[-43.336,37.48],[-37.48,43.336],[37.481,43.336],[43.337,37.48],[43.337,-37.481],[37.481,-43.336]],"c":true},"ix":2},"nm":"Path 1","mn":"ADBE Vector Shape - Group","hd":false},{"ind":1,"ty":"sh","ix":2,"ks":{"a":0,"k":{"i":[[23.892,0],[0,0],[0,23.892],[0,0],[-23.892,0],[0,0],[0,-23.891],[0,0]],"o":[[0,0],[-23.892,0],[0,0],[0,-23.891],[0,0],[23.892,0],[0,0],[0,23.892]],"v":[[37.481,80.816],[-37.48,80.816],[-80.817,37.48],[-80.817,-37.481],[-37.48,-80.816],[37.481,-80.816],[80.817,-37.481],[80.817,37.48]],"c":true},"ix":2},"nm":"Path 2","mn":"ADBE Vector Shape - Group","hd":false},{"ty":"mm","mm":1,"nm":"Merge Paths 1","mn":"ADBE Vector Filter - Merge","hd":false},{"ty":"fl","c":{"a":0,"k":[0.256936256558,0.248459595325,0.250205215753,1],"ix":4},"o":{"a":0,"k":100,"ix":5},"r":1,"bm":0,"nm":"Fill 1","mn":"ADBE Vector Graphic - Fill","hd":false},{"ty":"tr","p":{"a":0,"k":[637.322,802.743],"ix":2},"a":{"a":0,"k":[0,0],"ix":1},"s":{"a":0,"k":[100,100],"ix":3},"r":{"a":0,"k":0,"ix":6},"o":{"a":0,"k":100,"ix":7},"sk":{"a":0,"k":0,"ix":4},"sa":{"a":0,"k":0,"ix":5},"nm":"Transform"}],"nm":"Group 6","np":4,"cix":2,"bm":0,"ix":6,"mn":"ADBE Vector Group","hd":false},{"ty":"gr","it":[{"ind":0,"ty":"sh","ix":1,"ks":{"a":0,"k":{"i":[[0,0],[0,-3.23],[0,0],[-3.231,0],[0,0],[0,3.231],[0,0],[3.23,0]],"o":[[-3.231,0],[0,0],[0,3.231],[0,0],[3.23,0],[0,0],[0,-3.23],[0,0]],"v":[[-37.479,-43.336],[-43.335,-37.481],[-43.335,37.48],[-37.479,43.336],[37.48,43.336],[43.337,37.48],[43.337,-37.481],[37.48,-43.336]],"c":true},"ix":2},"nm":"Path 1","mn":"ADBE Vector Shape - Group","hd":false},{"ind":1,"ty":"sh","ix":2,"ks":{"a":0,"k":{"i":[[23.892,0],[0,0],[0,23.892],[0,0],[-23.893,0],[0,0],[0,-23.891],[0,0]],"o":[[0,0],[-23.893,0],[0,0],[0,-23.891],[0,0],[23.892,0],[0,0],[0,23.892]],"v":[[37.48,80.816],[-37.479,80.816],[-80.816,37.48],[-80.816,-37.481],[-37.479,-80.816],[37.48,-80.816],[80.816,-37.481],[80.816,37.48]],"c":true},"ix":2},"nm":"Path 2","mn":"ADBE Vector Shape - Group","hd":false},{"ty":"mm","mm":1,"nm":"Merge Paths 1","mn":"ADBE Vector Filter - Merge","hd":false},{"ty":"fl","c":{"a":0,"k":[0.256936256558,0.248459595325,0.250205215753,1],"ix":4},"o":{"a":0,"k":100,"ix":5},"r":1,"bm":0,"nm":"Fill 1","mn":"ADBE Vector Graphic - Fill","hd":false},{"ty":"tr","p":{"a":0,"k":[451.073,802.743],"ix":2},"a":{"a":0,"k":[0,0],"ix":1},"s":{"a":0,"k":[100,100],"ix":3},"r":{"a":0,"k":0,"ix":6},"o":{"a":0,"k":100,"ix":7},"sk":{"a":0,"k":0,"ix":4},"sa":{"a":0,"k":0,"ix":5},"nm":"Transform"}],"nm":"Group 7","np":4,"cix":2,"bm":0,"ix":7,"mn":"ADBE Vector Group","hd":false},{"ty":"gr","it":[{"ind":0,"ty":"sh","ix":1,"ks":{"a":0,"k":{"i":[[0,0],[0,-3.23],[0,0],[-3.23,0],[0,0],[0,3.231],[0,0],[3.23,0]],"o":[[-3.23,0],[0,0],[0,3.231],[0,0],[3.23,0],[0,0],[0,-3.23],[0,0]],"v":[[-37.48,-43.336],[-43.338,-37.481],[-43.338,37.48],[-37.48,43.336],[37.479,43.336],[43.335,37.48],[43.335,-37.481],[37.479,-43.336]],"c":true},"ix":2},"nm":"Path 1","mn":"ADBE Vector Shape - Group","hd":false},{"ind":1,"ty":"sh","ix":2,"ks":{"a":0,"k":{"i":[[23.892,0],[0,0],[0,23.892],[0,0],[-23.892,0],[0,0],[0,-23.891],[0,0]],"o":[[0,0],[-23.892,0],[0,0],[0,-23.891],[0,0],[23.892,0],[0,0],[0,23.892]],"v":[[37.479,80.816],[-37.48,80.816],[-80.816,37.48],[-80.816,-37.481],[-37.48,-80.816],[37.479,-80.816],[80.816,-37.481],[80.816,37.48]],"c":true},"ix":2},"nm":"Path 2","mn":"ADBE Vector Shape - Group","hd":false},{"ty":"mm","mm":1,"nm":"Merge Paths 1","mn":"ADBE Vector Filter - Merge","hd":false},{"ty":"fl","c":{"a":0,"k":[0.256936256558,0.248459595325,0.250205215753,1],"ix":4},"o":{"a":0,"k":100,"ix":5},"r":1,"bm":0,"nm":"Fill 1","mn":"ADBE Vector Graphic - Fill","hd":false},{"ty":"tr","p":{"a":0,"k":[250.661,802.743],"ix":2},"a":{"a":0,"k":[0,0],"ix":1},"s":{"a":0,"k":[100,100],"ix":3},"r":{"a":0,"k":0,"ix":6},"o":{"a":0,"k":100,"ix":7},"sk":{"a":0,"k":0,"ix":4},"sa":{"a":0,"k":0,"ix":5},"nm":"Transform"}],"nm":"Group 8","np":4,"cix":2,"bm":0,"ix":8,"mn":"ADBE Vector Group","hd":false},{"ty":"gr","it":[{"ind":0,"ty":"sh","ix":1,"ks":{"a":0,"k":{"i":[[0,0],[0,-3.23],[0,0],[-3.23,0],[0,0],[0,3.23],[0,0],[3.23,0]],"o":[[-3.23,0],[0,0],[0,3.23],[0,0],[3.23,0],[0,0],[0,-3.23],[0,0]],"v":[[-37.48,-43.337],[-43.336,-37.48],[-43.336,37.479],[-37.48,43.337],[37.48,43.337],[43.336,37.479],[43.336,-37.48],[37.48,-43.337]],"c":true},"ix":2},"nm":"Path 1","mn":"ADBE Vector Shape - Group","hd":false},{"ind":1,"ty":"sh","ix":2,"ks":{"a":0,"k":{"i":[[23.893,0],[0,0],[0,23.892],[0,0],[-23.892,0],[0,0],[0,-23.892],[0,0]],"o":[[0,0],[-23.892,0],[0,0],[0,-23.892],[0,0],[23.893,0],[0,0],[0,23.892]],"v":[[37.48,80.817],[-37.48,80.817],[-80.817,37.479],[-80.817,-37.48],[-37.48,-80.816],[37.48,-80.816],[80.817,-37.48],[80.817,37.479]],"c":true},"ix":2},"nm":"Path 2","mn":"ADBE Vector Shape - Group","hd":false},{"ty":"mm","mm":1,"nm":"Merge Paths 1","mn":"ADBE Vector Filter - Merge","hd":false},{"ty":"fl","c":{"a":0,"k":[0.256936256558,0.248459595325,0.250205215753,1],"ix":4},"o":{"a":0,"k":100,"ix":5},"r":1,"bm":0,"nm":"Fill 1","mn":"ADBE Vector Graphic - Fill","hd":false},{"ty":"tr","p":{"a":0,"k":[837.735,578.466],"ix":2},"a":{"a":0,"k":[0,0],"ix":1},"s":{"a":0,"k":[100,100],"ix":3},"r":{"a":0,"k":0,"ix":6},"o":{"a":0,"k":100,"ix":7},"sk":{"a":0,"k":0,"ix":4},"sa":{"a":0,"k":0,"ix":5},"nm":"Transform"}],"nm":"Group 9","np":4,"cix":2,"bm":0,"ix":9,"mn":"ADBE Vector Group","hd":false},{"ty":"gr","it":[{"ind":0,"ty":"sh","ix":1,"ks":{"a":0,"k":{"i":[[0,0],[0,-3.23],[0,0],[-3.229,0],[0,0],[0,3.23],[0,0],[3.229,0]],"o":[[-3.229,0],[0,0],[0,3.23],[0,0],[3.229,0],[0,0],[0,-3.23],[0,0]],"v":[[-37.48,-43.337],[-43.336,-37.48],[-43.336,37.479],[-37.48,43.337],[37.481,43.337],[43.337,37.479],[43.337,-37.48],[37.481,-43.337]],"c":true},"ix":2},"nm":"Path 1","mn":"ADBE Vector Shape - Group","hd":false},{"ind":1,"ty":"sh","ix":2,"ks":{"a":0,"k":{"i":[[23.892,0],[0,0],[0,23.892],[0,0],[-23.892,0],[0,0],[0,-23.892],[0,0]],"o":[[0,0],[-23.892,0],[0,0],[0,-23.892],[0,0],[23.892,0],[0,0],[0,23.892]],"v":[[37.481,80.817],[-37.48,80.817],[-80.817,37.479],[-80.817,-37.48],[-37.48,-80.816],[37.481,-80.816],[80.817,-37.48],[80.817,37.479]],"c":true},"ix":2},"nm":"Path 2","mn":"ADBE Vector Shape - Group","hd":false},{"ty":"mm","mm":1,"nm":"Merge Paths 1","mn":"ADBE Vector Filter - Merge","hd":false},{"ty":"fl","c":{"a":0,"k":[0.256936256558,0.248459595325,0.250205215753,1],"ix":4},"o":{"a":0,"k":100,"ix":5},"r":1,"bm":0,"nm":"Fill 1","mn":"ADBE Vector Graphic - Fill","hd":false},{"ty":"tr","p":{"a":0,"k":[637.322,578.466],"ix":2},"a":{"a":0,"k":[0,0],"ix":1},"s":{"a":0,"k":[100,100],"ix":3},"r":{"a":0,"k":0,"ix":6},"o":{"a":0,"k":100,"ix":7},"sk":{"a":0,"k":0,"ix":4},"sa":{"a":0,"k":0,"ix":5},"nm":"Transform"}],"nm":"Group 10","np":4,"cix":2,"bm":0,"ix":10,"mn":"ADBE Vector Group","hd":false},{"ty":"gr","it":[{"ind":0,"ty":"sh","ix":1,"ks":{"a":0,"k":{"i":[[0,0],[0,-3.23],[0,0],[-3.231,0],[0,0],[0,3.23],[0,0],[3.23,0]],"o":[[-3.231,0],[0,0],[0,3.23],[0,0],[3.23,0],[0,0],[0,-3.23],[0,0]],"v":[[-37.479,-43.337],[-43.335,-37.48],[-43.335,37.479],[-37.479,43.337],[37.48,43.337],[43.337,37.479],[43.337,-37.48],[37.48,-43.337]],"c":true},"ix":2},"nm":"Path 1","mn":"ADBE Vector Shape - Group","hd":false},{"ind":1,"ty":"sh","ix":2,"ks":{"a":0,"k":{"i":[[23.892,0],[0,0],[0,23.892],[0,0],[-23.893,0],[0,0],[0,-23.892],[0,0]],"o":[[0,0],[-23.893,0],[0,0],[0,-23.892],[0,0],[23.892,0],[0,0],[0,23.892]],"v":[[37.48,80.817],[-37.479,80.817],[-80.816,37.479],[-80.816,-37.48],[-37.479,-80.816],[37.48,-80.816],[80.816,-37.48],[80.816,37.479]],"c":true},"ix":2},"nm":"Path 2","mn":"ADBE Vector Shape - Group","hd":false},{"ty":"mm","mm":1,"nm":"Merge Paths 1","mn":"ADBE Vector Filter - Merge","hd":false},{"ty":"fl","c":{"a":0,"k":[0.256936256558,0.248459595325,0.250205215753,1],"ix":4},"o":{"a":0,"k":100,"ix":5},"r":1,"bm":0,"nm":"Fill 1","mn":"ADBE Vector Graphic - Fill","hd":false},{"ty":"tr","p":{"a":0,"k":[451.073,578.466],"ix":2},"a":{"a":0,"k":[0,0],"ix":1},"s":{"a":0,"k":[100,100],"ix":3},"r":{"a":0,"k":0,"ix":6},"o":{"a":0,"k":100,"ix":7},"sk":{"a":0,"k":0,"ix":4},"sa":{"a":0,"k":0,"ix":5},"nm":"Transform"}],"nm":"Group 11","np":4,"cix":2,"bm":0,"ix":11,"mn":"ADBE Vector Group","hd":false},{"ty":"gr","it":[{"ind":0,"ty":"sh","ix":1,"ks":{"a":0,"k":{"i":[[0,0],[0,-3.23],[0,0],[-3.23,0],[0,0],[0,3.23],[0,0],[3.23,0]],"o":[[-3.23,0],[0,0],[0,3.23],[0,0],[3.23,0],[0,0],[0,-3.23],[0,0]],"v":[[-37.48,-43.337],[-43.338,-37.48],[-43.338,37.479],[-37.48,43.337],[37.479,43.337],[43.335,37.479],[43.335,-37.48],[37.479,-43.337]],"c":true},"ix":2},"nm":"Path 1","mn":"ADBE Vector Shape - Group","hd":false},{"ind":1,"ty":"sh","ix":2,"ks":{"a":0,"k":{"i":[[23.892,0],[0,0],[0,23.892],[0,0],[-23.892,0],[0,0],[0,-23.892],[0,0]],"o":[[0,0],[-23.892,0],[0,0],[0,-23.892],[0,0],[23.892,0],[0,0],[0,23.892]],"v":[[37.479,80.817],[-37.48,80.817],[-80.816,37.479],[-80.816,-37.48],[-37.48,-80.816],[37.479,-80.816],[80.816,-37.48],[80.816,37.479]],"c":true},"ix":2},"nm":"Path 2","mn":"ADBE Vector Shape - Group","hd":false},{"ty":"mm","mm":1,"nm":"Merge Paths 1","mn":"ADBE Vector Filter - Merge","hd":false},{"ty":"fl","c":{"a":0,"k":[0.256936256558,0.248459595325,0.250205215753,1],"ix":4},"o":{"a":0,"k":100,"ix":5},"r":1,"bm":0,"nm":"Fill 1","mn":"ADBE Vector Graphic - Fill","hd":false},{"ty":"tr","p":{"a":0,"k":[250.661,578.466],"ix":2},"a":{"a":0,"k":[0,0],"ix":1},"s":{"a":0,"k":[100,100],"ix":3},"r":{"a":0,"k":0,"ix":6},"o":{"a":0,"k":100,"ix":7},"sk":{"a":0,"k":0,"ix":4},"sa":{"a":0,"k":0,"ix":5},"nm":"Transform"}],"nm":"Group 12","np":4,"cix":2,"bm":0,"ix":12,"mn":"ADBE Vector Group","hd":false},{"ty":"gr","it":[{"ind":0,"ty":"sh","ix":1,"ks":{"a":0,"k":{"i":[[0,0],[0,-19.253],[0,0],[-19.243,0],[0,0],[0,19.253],[0,0],[19.252,0]],"o":[[-19.243,0],[0,0],[0,19.253],[0,0],[19.252,0],[0,0],[0,-19.253],[0,0]],"v":[[-313.966,-117.423],[-348.866,-82.514],[-348.866,82.514],[-313.966,117.423],[313.956,117.423],[348.865,82.514],[348.865,-82.514],[313.956,-117.423]],"c":true},"ix":2},"nm":"Path 1","mn":"ADBE Vector Shape - Group","hd":false},{"ind":1,"ty":"sh","ix":2,"ks":{"a":0,"k":{"i":[[39.914,0],[0,0],[0,39.915],[0,0],[-39.915,0],[0,0],[0,-39.914],[0,0]],"o":[[0,0],[-39.915,0],[0,0],[0,-39.914],[0,0],[39.914,0],[0,0],[0,39.915]],"v":[[313.956,154.903],[-313.966,154.903],[-386.346,82.514],[-386.346,-82.514],[-313.966,-154.903],[313.956,-154.903],[386.345,-82.514],[386.345,82.514]],"c":true},"ix":2},"nm":"Path 2","mn":"ADBE Vector Shape - Group","hd":false},{"ty":"mm","mm":1,"nm":"Merge Paths 1","mn":"ADBE Vector Filter - Merge","hd":false},{"ty":"fl","c":{"a":0,"k":[0.256936256558,0.248459595325,0.250205215753,1],"ix":4},"o":{"a":0,"k":100,"ix":5},"r":1,"bm":0,"nm":"Fill 1","mn":"ADBE Vector Graphic - Fill","hd":false},{"ty":"tr","p":{"a":0,"k":[544.203,276.579],"ix":2},"a":{"a":0,"k":[0,0],"ix":1},"s":{"a":0,"k":[100,100],"ix":3},"r":{"a":0,"k":0,"ix":6},"o":{"a":0,"k":100,"ix":7},"sk":{"a":0,"k":0,"ix":4},"sa":{"a":0,"k":0,"ix":5},"nm":"Transform"}],"nm":"Group 13","np":4,"cix":2,"bm":0,"ix":13,"mn":"ADBE Vector Group","hd":false},{"ty":"gr","it":[{"ind":0,"ty":"sh","ix":1,"ks":{"a":0,"k":{"i":[[0,0],[0,-64.749],[0,0],[-64.749,0],[0,0],[0,64.749],[0,0],[64.749,0]],"o":[[-64.749,0],[0,0],[0,64.749],[0,0],[64.749,0],[0,0],[0,-64.749],[0,0]],"v":[[-389.04,-583.684],[-506.468,-466.266],[-506.468,466.264],[-389.04,583.683],[389.049,583.683],[506.468,466.264],[506.468,-466.266],[389.049,-583.684]],"c":true},"ix":2},"nm":"Path 1","mn":"ADBE Vector Shape - Group","hd":false},{"ind":1,"ty":"sh","ix":2,"ks":{"a":0,"k":{"i":[[85.41,0],[0,0],[0,85.41],[0,0],[-85.419,0],[0,0],[0,-85.41],[0,0]],"o":[[0,0],[-85.419,0],[0,0],[0,-85.41],[0,0],[85.41,0],[0,0],[0,85.41]],"v":[[389.049,621.164],[-389.04,621.164],[-543.948,466.264],[-543.948,-466.266],[-389.04,-621.164],[389.049,-621.164],[543.948,-466.266],[543.948,466.264]],"c":true},"ix":2},"nm":"Path 2","mn":"ADBE Vector Shape - Group","hd":false},{"ty":"mm","mm":1,"nm":"Merge Paths 1","mn":"ADBE Vector Filter - Merge","hd":false},{"ty":"fl","c":{"a":0,"k":[0.256936256558,0.248459595325,0.250205215753,1],"ix":4},"o":{"a":0,"k":100,"ix":5},"r":1,"bm":0,"nm":"Fill 1","mn":"ADBE Vector Graphic - Fill","hd":false},{"ty":"tr","p":{"a":0,"k":[544.198,621.414],"ix":2},"a":{"a":0,"k":[0,0],"ix":1},"s":{"a":0,"k":[100,100],"ix":3},"r":{"a":0,"k":0,"ix":6},"o":{"a":0,"k":100,"ix":7},"sk":{"a":0,"k":0,"ix":4},"sa":{"a":0,"k":0,"ix":5},"nm":"Transform"}],"nm":"Group 14","np":4,"cix":2,"bm":0,"ix":14,"mn":"ADBE Vector Group","hd":false},{"ty":"gr","it":[{"ind":0,"ty":"sh","ix":1,"ks":{"a":0,"k":{"i":[[0,0],[0,0],[0,0],[0,0],[0,0],[0,0],[0,0],[0,0]],"o":[[0,0],[0,0],[0,0],[0,0],[0,0],[0,0],[0,0],[0,0]],"v":[[-54.483,-157.553],[-54.483,-84.507],[-54.483,-48.587],[-54.483,157.553],[54.483,157.553],[54.483,-48.587],[54.483,-84.507],[54.483,-157.553]],"c":true},"ix":2},"nm":"Path 1","mn":"ADBE Vector Shape - Group","hd":false},{"ty":"fl","c":{"a":0,"k":[0.997296202417,0.874906472599,0.221530465519,1],"ix":4},"o":{"a":0,"k":100,"ix":5},"r":1,"bm":0,"nm":"Fill 1","mn":"ADBE Vector Graphic - Fill","hd":false},{"ty":"tr","p":{"a":0,"k":[837.735,905.813],"ix":2},"a":{"a":0,"k":[0,0],"ix":1},"s":{"a":0,"k":[100,100],"ix":3},"r":{"a":0,"k":0,"ix":6},"o":{"a":0,"k":100,"ix":7},"sk":{"a":0,"k":0,"ix":4},"sa":{"a":0,"k":0,"ix":5},"nm":"Transform"}],"nm":"Group 15","np":2,"cix":2,"bm":0,"ix":15,"mn":"ADBE Vector Group","hd":false},{"ty":"gr","it":[{"ind":0,"ty":"sh","ix":1,"ks":{"a":0,"k":{"i":[[0,0],[0,0],[0,0],[0,0]],"o":[[0,0],[0,0],[0,0],[0,0]],"v":[[54.484,54.483],[-54.484,54.483],[-54.484,-54.483],[54.484,-54.483]],"c":true},"ix":2},"nm":"Path 1","mn":"ADBE Vector Shape - Group","hd":false},{"ty":"fl","c":{"a":0,"k":[0.997296202417,0.874906472599,0.221530465519,1],"ix":4},"o":{"a":0,"k":100,"ix":5},"r":1,"bm":0,"nm":"Fill 1","mn":"ADBE Vector Graphic - Fill","hd":false},{"ty":"tr","p":{"a":0,"k":[637.322,1008.884],"ix":2},"a":{"a":0,"k":[0,0],"ix":1},"s":{"a":0,"k":[100,100],"ix":3},"r":{"a":0,"k":0,"ix":6},"o":{"a":0,"k":100,"ix":7},"sk":{"a":0,"k":0,"ix":4},"sa":{"a":0,"k":0,"ix":5},"nm":"Transform"}],"nm":"Group 16","np":2,"cix":2,"bm":0,"ix":16,"mn":"ADBE Vector Group","hd":false},{"ty":"gr","it":[{"ind":0,"ty":"sh","ix":1,"ks":{"a":0,"k":{"i":[[0,0],[0,0],[0,0],[0,0]],"o":[[0,0],[0,0],[0,0],[0,0]],"v":[[54.483,54.483],[-54.483,54.483],[-54.483,-54.483],[54.483,-54.483]],"c":true},"ix":2},"nm":"Path 1","mn":"ADBE Vector Shape - Group","hd":false},{"ty":"fl","c":{"a":0,"k":[0.997296202417,0.874906472599,0.221530465519,1],"ix":4},"o":{"a":0,"k":100,"ix":5},"r":1,"bm":0,"nm":"Fill 1","mn":"ADBE Vector Graphic - Fill","hd":false},{"ty":"tr","p":{"a":0,"k":[451.074,1008.884],"ix":2},"a":{"a":0,"k":[0,0],"ix":1},"s":{"a":0,"k":[100,100],"ix":3},"r":{"a":0,"k":0,"ix":6},"o":{"a":0,"k":100,"ix":7},"sk":{"a":0,"k":0,"ix":4},"sa":{"a":0,"k":0,"ix":5},"nm":"Transform"}],"nm":"Group 17","np":2,"cix":2,"bm":0,"ix":17,"mn":"ADBE Vector Group","hd":false},{"ty":"gr","it":[{"ind":0,"ty":"sh","ix":1,"ks":{"a":0,"k":{"i":[[0,0],[0,0],[0,0],[0,0]],"o":[[0,0],[0,0],[0,0],[0,0]],"v":[[54.483,54.483],[-54.483,54.483],[-54.483,-54.483],[54.483,-54.483]],"c":true},"ix":2},"nm":"Path 1","mn":"ADBE Vector Shape - Group","hd":false},{"ty":"fl","c":{"a":0,"k":[0.997296202417,0.874906472599,0.221530465519,1],"ix":4},"o":{"a":0,"k":100,"ix":5},"r":1,"bm":0,"nm":"Fill 1","mn":"ADBE Vector Graphic - Fill","hd":false},{"ty":"tr","p":{"a":0,"k":[250.66,1008.884],"ix":2},"a":{"a":0,"k":[0,0],"ix":1},"s":{"a":0,"k":[100,100],"ix":3},"r":{"a":0,"k":0,"ix":6},"o":{"a":0,"k":100,"ix":7},"sk":{"a":0,"k":0,"ix":4},"sa":{"a":0,"k":0,"ix":5},"nm":"Transform"}],"nm":"Group 18","np":2,"cix":2,"bm":0,"ix":18,"mn":"ADBE Vector Group","hd":false},{"ty":"gr","it":[{"ind":0,"ty":"sh","ix":1,"ks":{"a":0,"k":{"i":[[0,0],[0,0],[0,0],[0,0]],"o":[[0,0],[0,0],[0,0],[0,0]],"v":[[54.484,54.483],[-54.484,54.483],[-54.484,-54.483],[54.484,-54.483]],"c":true},"ix":2},"nm":"Path 1","mn":"ADBE Vector Shape - Group","hd":false},{"ty":"fl","c":{"a":0,"k":[0.997296202417,0.874906472599,0.221530465519,1],"ix":4},"o":{"a":0,"k":100,"ix":5},"r":1,"bm":0,"nm":"Fill 1","mn":"ADBE Vector Graphic - Fill","hd":false},{"ty":"tr","p":{"a":0,"k":[637.322,802.743],"ix":2},"a":{"a":0,"k":[0,0],"ix":1},"s":{"a":0,"k":[100,100],"ix":3},"r":{"a":0,"k":0,"ix":6},"o":{"a":0,"k":100,"ix":7},"sk":{"a":0,"k":0,"ix":4},"sa":{"a":0,"k":0,"ix":5},"nm":"Transform"}],"nm":"Group 19","np":2,"cix":2,"bm":0,"ix":19,"mn":"ADBE Vector Group","hd":false},{"ty":"gr","it":[{"ind":0,"ty":"sh","ix":1,"ks":{"a":0,"k":{"i":[[0,0],[0,0],[0,0],[0,0]],"o":[[0,0],[0,0],[0,0],[0,0]],"v":[[54.483,54.483],[-54.483,54.483],[-54.483,-54.483],[54.483,-54.483]],"c":true},"ix":2},"nm":"Path 1","mn":"ADBE Vector Shape - Group","hd":false},{"ty":"fl","c":{"a":0,"k":[0.997296202417,0.874906472599,0.221530465519,1],"ix":4},"o":{"a":0,"k":100,"ix":5},"r":1,"bm":0,"nm":"Fill 1","mn":"ADBE Vector Graphic - Fill","hd":false},{"ty":"tr","p":{"a":0,"k":[451.074,802.743],"ix":2},"a":{"a":0,"k":[0,0],"ix":1},"s":{"a":0,"k":[100,100],"ix":3},"r":{"a":0,"k":0,"ix":6},"o":{"a":0,"k":100,"ix":7},"sk":{"a":0,"k":0,"ix":4},"sa":{"a":0,"k":0,"ix":5},"nm":"Transform"}],"nm":"Group 20","np":2,"cix":2,"bm":0,"ix":20,"mn":"ADBE Vector Group","hd":false},{"ty":"gr","it":[{"ind":0,"ty":"sh","ix":1,"ks":{"a":0,"k":{"i":[[0,0],[0,0],[0,0],[0,0]],"o":[[0,0],[0,0],[0,0],[0,0]],"v":[[54.483,54.483],[-54.483,54.483],[-54.483,-54.483],[54.483,-54.483]],"c":true},"ix":2},"nm":"Path 1","mn":"ADBE Vector Shape - Group","hd":false},{"ty":"fl","c":{"a":0,"k":[0.997296202417,0.874906472599,0.221530465519,1],"ix":4},"o":{"a":0,"k":100,"ix":5},"r":1,"bm":0,"nm":"Fill 1","mn":"ADBE Vector Graphic - Fill","hd":false},{"ty":"tr","p":{"a":0,"k":[250.66,802.743],"ix":2},"a":{"a":0,"k":[0,0],"ix":1},"s":{"a":0,"k":[100,100],"ix":3},"r":{"a":0,"k":0,"ix":6},"o":{"a":0,"k":100,"ix":7},"sk":{"a":0,"k":0,"ix":4},"sa":{"a":0,"k":0,"ix":5},"nm":"Transform"}],"nm":"Group 21","np":2,"cix":2,"bm":0,"ix":21,"mn":"ADBE Vector Group","hd":false},{"ty":"gr","it":[{"ind":0,"ty":"sh","ix":1,"ks":{"a":0,"k":{"i":[[0,0],[0,0],[0,0],[0,0]],"o":[[0,0],[0,0],[0,0],[0,0]],"v":[[54.483,54.484],[-54.483,54.484],[-54.483,-54.484],[54.483,-54.484]],"c":true},"ix":2},"nm":"Path 1","mn":"ADBE Vector Shape - Group","hd":false},{"ty":"fl","c":{"a":0,"k":[0.997296202417,0.874906472599,0.221530465519,1],"ix":4},"o":{"a":0,"k":100,"ix":5},"r":1,"bm":0,"nm":"Fill 1","mn":"ADBE Vector Graphic - Fill","hd":false},{"ty":"tr","p":{"a":0,"k":[837.735,578.466],"ix":2},"a":{"a":0,"k":[0,0],"ix":1},"s":{"a":0,"k":[100,100],"ix":3},"r":{"a":0,"k":0,"ix":6},"o":{"a":0,"k":100,"ix":7},"sk":{"a":0,"k":0,"ix":4},"sa":{"a":0,"k":0,"ix":5},"nm":"Transform"}],"nm":"Group 22","np":2,"cix":2,"bm":0,"ix":22,"mn":"ADBE Vector Group","hd":false},{"ty":"gr","it":[{"ind":0,"ty":"sh","ix":1,"ks":{"a":0,"k":{"i":[[0,0],[0,0],[0,0],[0,0]],"o":[[0,0],[0,0],[0,0],[0,0]],"v":[[54.484,54.484],[-54.484,54.484],[-54.484,-54.484],[54.484,-54.484]],"c":true},"ix":2},"nm":"Path 1","mn":"ADBE Vector Shape - Group","hd":false},{"ty":"fl","c":{"a":0,"k":[0.997296202417,0.874906472599,0.221530465519,1],"ix":4},"o":{"a":0,"k":100,"ix":5},"r":1,"bm":0,"nm":"Fill 1","mn":"ADBE Vector Graphic - Fill","hd":false},{"ty":"tr","p":{"a":0,"k":[637.322,578.466],"ix":2},"a":{"a":0,"k":[0,0],"ix":1},"s":{"a":0,"k":[100,100],"ix":3},"r":{"a":0,"k":0,"ix":6},"o":{"a":0,"k":100,"ix":7},"sk":{"a":0,"k":0,"ix":4},"sa":{"a":0,"k":0,"ix":5},"nm":"Transform"}],"nm":"Group 23","np":2,"cix":2,"bm":0,"ix":23,"mn":"ADBE Vector Group","hd":false},{"ty":"gr","it":[{"ind":0,"ty":"sh","ix":1,"ks":{"a":0,"k":{"i":[[0,0],[0,0],[0,0],[0,0]],"o":[[0,0],[0,0],[0,0],[0,0]],"v":[[54.483,54.484],[-54.483,54.484],[-54.483,-54.484],[54.483,-54.484]],"c":true},"ix":2},"nm":"Path 1","mn":"ADBE Vector Shape - Group","hd":false},{"ty":"fl","c":{"a":0,"k":[0.997296202417,0.874906472599,0.221530465519,1],"ix":4},"o":{"a":0,"k":100,"ix":5},"r":1,"bm":0,"nm":"Fill 1","mn":"ADBE Vector Graphic - Fill","hd":false},{"ty":"tr","p":{"a":0,"k":[451.074,578.466],"ix":2},"a":{"a":0,"k":[0,0],"ix":1},"s":{"a":0,"k":[100,100],"ix":3},"r":{"a":0,"k":0,"ix":6},"o":{"a":0,"k":100,"ix":7},"sk":{"a":0,"k":0,"ix":4},"sa":{"a":0,"k":0,"ix":5},"nm":"Transform"}],"nm":"Group 24","np":2,"cix":2,"bm":0,"ix":24,"mn":"ADBE Vector Group","hd":false},{"ty":"gr","it":[{"ind":0,"ty":"sh","ix":1,"ks":{"a":0,"k":{"i":[[0,0],[0,0],[0,0],[0,0]],"o":[[0,0],[0,0],[0,0],[0,0]],"v":[[54.483,54.484],[-54.483,54.484],[-54.483,-54.484],[54.483,-54.484]],"c":true},"ix":2},"nm":"Path 1","mn":"ADBE Vector Shape - Group","hd":false},{"ty":"fl","c":{"a":0,"k":[0.997296202417,0.874906472599,0.221530465519,1],"ix":4},"o":{"a":0,"k":100,"ix":5},"r":1,"bm":0,"nm":"Fill 1","mn":"ADBE Vector Graphic - Fill","hd":false},{"ty":"tr","p":{"a":0,"k":[250.66,578.466],"ix":2},"a":{"a":0,"k":[0,0],"ix":1},"s":{"a":0,"k":[100,100],"ix":3},"r":{"a":0,"k":0,"ix":6},"o":{"a":0,"k":100,"ix":7},"sk":{"a":0,"k":0,"ix":4},"sa":{"a":0,"k":0,"ix":5},"nm":"Transform"}],"nm":"Group 25","np":2,"cix":2,"bm":0,"ix":25,"mn":"ADBE Vector Group","hd":false}],"ip":0,"op":600.000024438501,"st":0,"ct":1,"bm":0}],"markers":[],"props":{},"chars":[{"ch":"1","size":206,"style":"Bold","w":39.6,"data":{"shapes":[{"ty":"gr","it":[{"ind":0,"ty":"sh","ix":1,"ks":{"a":0,"k":{"i":[[8.56,0],[0,0],[0,0],[0,0],[0,0],[0,0],[0,0]],"o":[[0,0],[0,0],[0,0],[0,0],[0,0],[0,0],[-1.712,4.733]],"v":[[10.876,-61.633],[10.876,-53.778],[19.437,-53.778],[19.437,0],[30.515,0],[30.515,-70.496],[23.062,-70.496]],"c":true},"ix":2},"nm":"1","mn":"ADBE Vector Shape - Group","hd":false}],"nm":"1","np":3,"cix":2,"bm":0,"ix":1,"mn":"ADBE Vector Group","hd":false}]},"fFamily":"Bebas Neue"},{"ch":"2","size":206,"style":"Bold","w":39.6,"data":{"shapes":[{"ty":"gr","it":[{"ind":0,"ty":"sh","ix":1,"ks":{"a":0,"k":{"i":[[0,-6.345],[0,-20.746],[0,0],[0,0],[0,0],[0,0],[0,0.504],[0,22.156],[10.876,0],[0,-11.279],[0,0],[0,0],[0,0],[-3.525,0]],"o":[[0,20.343],[0,0],[0,0],[0,0],[0,0],[-0.101,-0.504],[0,-11.581],[0,-11.279],[-10.876,0],[0,0],[0,0],[0,0],[0,-5.035],[3.525,0]],"v":[[25.983,-53.174],[4.028,-8.661],[4.028,0],[36.053,0],[36.053,-10.071],[15.106,-10.071],[15.005,-11.581],[37.061,-53.577],[20.544,-71.301],[4.028,-53.577],[4.028,-46.729],[14.502,-46.729],[14.502,-54.282],[20.242,-61.23]],"c":true},"ix":2},"nm":"2","mn":"ADBE Vector Shape - Group","hd":false}],"nm":"2","np":3,"cix":2,"bm":0,"ix":1,"mn":"ADBE Vector Group","hd":false}]},"fFamily":"Bebas Neue"},{"ch":"3","size":206,"style":"Bold","w":39.6,"data":{"shapes":[{"ty":"gr","it":[{"ind":0,"ty":"sh","ix":1,"ks":{"a":0,"k":{"i":[[0,-6.345],[0,0],[4.129,0],[0,0],[0,0],[0,0],[0,-6.546],[0,0],[3.525,0],[0,5.035],[0,0],[0,0],[0,0],[-10.876,0],[0,11.279],[0,0],[5.539,2.417],[0,7.553],[0,0],[10.876,0],[0,-11.279],[0,0],[0,0],[0,0],[-3.525,0]],"o":[[0,0],[0,5.64],[0,0],[0,0],[0,0],[5.035,0],[0,0],[0,6.244],[-3.525,0],[0,0],[0,0],[0,0],[0,11.279],[10.876,0],[0,0],[0,-7.15],[5.338,-2.216],[0,0],[0,-11.279],[-10.876,0],[0,0],[0,0],[0,0],[0,-5.035],[3.525,0]],"v":[[25.378,-53.174],[25.378,-49.246],[18.732,-41.794],[14.401,-41.794],[14.401,-31.723],[18.127,-31.723],[25.378,-22.76],[25.378,-17.221],[19.638,-9.265],[13.898,-16.214],[13.898,-22.76],[3.424,-22.76],[3.424,-16.919],[19.94,0.806],[36.456,-16.919],[36.456,-22.458],[28.702,-37.262],[36.456,-51.764],[36.456,-53.577],[19.94,-71.301],[3.424,-53.577],[3.424,-49.75],[13.898,-49.75],[13.898,-54.282],[19.638,-61.23]],"c":true},"ix":2},"nm":"3","mn":"ADBE Vector Shape - Group","hd":false}],"nm":"3","np":3,"cix":2,"bm":0,"ix":1,"mn":"ADBE Vector Group","hd":false}]},"fFamily":"Bebas Neue"},{"ch":"4","size":206,"style":"Bold","w":39.6,"data":{"shapes":[{"ty":"gr","it":[{"ind":0,"ty":"sh","ix":1,"ks":{"a":0,"k":{"i":[[0,0],[0,0],[0,0],[0,0],[0,0],[0,0],[0,0],[0,0],[0,0],[0,0],[0,0]],"o":[[0,0],[0,0],[0,0],[0,0],[0,0],[0,0],[0,0],[0,0],[0,0],[0,0],[0,0]],"v":[[1.41,-22.861],[1.41,-12.79],[22.76,-12.79],[22.76,0],[33.636,0],[33.636,-12.79],[38.873,-12.79],[38.873,-22.861],[33.636,-22.861],[33.636,-70.496],[21.552,-70.496]],"c":true},"ix":2},"nm":"4","mn":"ADBE Vector Shape - Group","hd":false},{"ind":1,"ty":"sh","ix":2,"ks":{"a":0,"k":{"i":[[0,0],[0,0],[0,0]],"o":[[0,0],[0,0],[0,0]],"v":[[22.76,-22.861],[11.581,-22.861],[22.76,-49.347]],"c":true},"ix":2},"nm":"4","mn":"ADBE Vector Shape - Group","hd":false}],"nm":"4","np":5,"cix":2,"bm":0,"ix":1,"mn":"ADBE Vector Group","hd":false}]},"fFamily":"Bebas Neue"},{"ch":"5","size":206,"style":"Bold","w":39.6,"data":{"shapes":[{"ty":"gr","it":[{"ind":0,"ty":"sh","ix":1,"ks":{"a":0,"k":{"i":[[0,0],[0,0],[0,0],[-10.876,0],[0,11.279],[0,0],[8.157,0],[2.014,-3.323],[0,0],[0,0],[0,0],[0,0],[0,0],[0,0],[0,0],[-3.525,0],[0,-5.035],[0,0],[3.525,0],[0,5.035]],"o":[[0,0],[0,0],[0,11.279],[10.876,0],[0,0],[0,-10.373],[-4.431,0],[0,0],[0,0],[0,0],[0,0],[0,0],[0,0],[0,0],[0,-5.035],[3.525,0],[0,0],[0,5.035],[-3.525,0],[0,0]],"v":[[13.998,-22.76],[3.525,-22.76],[3.525,-16.919],[20.041,0.806],[36.557,-16.919],[36.557,-32.629],[24.271,-48.743],[14.603,-43.607],[15.509,-60.425],[34.744,-60.425],[34.744,-70.496],[5.539,-70.496],[3.525,-29.608],[13.998,-29.608],[13.998,-31.723],[19.739,-38.672],[25.479,-31.723],[25.479,-16.214],[19.739,-9.366],[13.998,-16.214]],"c":true},"ix":2},"nm":"5","mn":"ADBE Vector Shape - Group","hd":false}],"nm":"5","np":3,"cix":2,"bm":0,"ix":1,"mn":"ADBE Vector Group","hd":false}]},"fFamily":"Bebas Neue"}]}